name,owner,country,power_capacity_mw,first_operational_date,calculated_cost,reported_cost,reported_cost_inflation_adjusted,hardware_cost,chip_type_primary,chip_quantity_primary,chip_type_secondary,chip_quantity_secondary,total_number_of_ai_chips,energy_efficiency,max_ops,8bit_ops,16bit_ops,32bit_ops
"""OpenAI/Microsoft Mt Pleasant, Wisconsin Phase 2""","OpenAI,Microsoft",United States of America,1500.0,,,,,,NVIDIA GB200,700000.0,,,700000.0,1166666666666.6667,3.5e+21,3.5e+21,1.75e+21,875000000000000000000
Fluidstack France Gigawatt Campus,,France,1000.0,,,,,,NVIDIA GB200,500000.0,,,500000.0,1250000000000.0,2.5e+21,2.5e+21,1.25e+21,625000000000000000000
Reliance Industries Supercomputer,Reliance Industries,India,1000.0,,,,,,NVIDIA GB200,450000.0,,,450000.0,1125000000000.0,2.25e+21,2.25e+21,1.125e+21,562500000000000000000
xAI Colossus 2 Memphis Phase 2,xAI,United States of America,1409.408,,,,,,NVIDIA GB200,330000.0,NVIDIA GB300 (Blackwell Ultra),220000.0,550000.0,975586913086.9132,1.6863e+21,1.6863e+21,1.375e+21,687500000000000000000
Meta Prometheus New Albany,Meta AI,United States of America,1281.28,,,,,,NVIDIA GB200,300000.0,NVIDIA GB300 (Blackwell Ultra),200000.0,500000.0,975586913086.9132,1.533e+21,1.533e+21,1.25e+21,625000000000000000000
OpenAI/Microsoft Atlanta,"OpenAI,Microsoft",United States of America,700.0,,12521119482.929527,,,12521119482.929527,NVIDIA B200,300000.0,,,300000.0,964285714285.7142,1.35e+21,1.35e+21,6.75e+20,337500000000000000000
Applied Digital Ellendale Possible Phase 3,Applied Digital,United States of America,400.0,,3290034407.151852,,,3290034407.151852,NVIDIA GB200,180000.0,,,180000.0,1125000000000.0,9e+20,9e+20,4.5e+20,225000000000000000000
Nebius New Jersey,Nebius AI,United States of America,300.0,,,,,,NVIDIA GB200,150000.0,,,150000.0,1250000000000.0,7.5e+20,7.5e+20,3.75e+20,187500000000000000000
Sesterce Grand Est France B,Sesterce,France,300.0,,,,,,NVIDIA GB200,150000.0,,,150000.0,1250000000000.0,7.5e+20,7.5e+20,3.75e+20,187500000000000000000
Sesterce Grand Est France A,Sesterce,France,300.0,,,,,,NVIDIA GB200,150000.0,,,150000.0,1250000000000.0,7.5e+20,7.5e+20,3.75e+20,187500000000000000000
"""OpenAI/Microsoft Mt Pleasant, Wisconsin Phase 1""","OpenAI,Microsoft",United States of America,300.0,,,,,,NVIDIA GB200,150000.0,,,150000.0,1250000000000.0,7.5e+20,7.5e+20,3.75e+20,187500000000000000000
Sesterce Southern France 250MW,Sesterce,France,250.0,,,,,,NVIDIA GB200,120000.0,,,120000.0,1200000000000.0,6e+20,6e+20,3e+20,150000000000000000000
Oracle OCI Supercluster B200s,Oracle,United States of America,262.40614400000004,,6564672691.466155,,,6564672691.466155,NVIDIA B200,131072.0,,,131072.0,1123876123876.1238,5.89824e+20,5.89824e+20,2.94912e+20,147456000000000000000
Applied Digital CoreWeave Ellendale Phase 2,Applied Digital,United States of America,250.0,,3290034407.151852,,,3290034407.151852,NVIDIA GB200,110000.0,,,110000.0,1100000000000.0,5.5e+20,5.5e+20,2.75e+20,137500000000000000000
xAI Colossus 2 Memphis Phase 1,xAI,United States of America,264.264,,,,,,NVIDIA GB200,110000.0,,,110000.0,1040626040626.0406,5.5e+20,5.5e+20,2.75e+20,137500000000000000000
xAI Colossus Memphis Phase 3,xAI,United States of America,352.352,2025-07-22,,,,,NVIDIA H100 SXM5 80GB,200000.0,NVIDIA GB200,30000.0,230000.0,774452819907.3654,5.458e+20,5.458e+20,2.7288e+20,136440000000000000000
OpenAI Stargate Abilene Oracle OCI Supercluster Phase 2,Oracle,United States of America,800.8028028000001,,,,,,NVIDIA GB300 (Blackwell Ultra),200001.0,NVIDIA GB200,100000.0,300001.0,936563280470.0768,5.33000165e+20,5.33000165e+20,7.500025e+20,375001250000000000000
Middle East 100k Cluster,,,240.24000000000004,,,,,,NVIDIA GB200,100000.0,,,100000.0,1040626040626.0404,5e+20,5e+20,2.5e+20,125000000000000000000
OpenAI Stargate Abilene Oracle OCI Supercluster Phase 1,Oracle,United States of America,240.24000000000004,,,,,,NVIDIA GB200,100000.0,,,100000.0,1040626040626.0404,5e+20,5e+20,2.5e+20,125000000000000000000
CoreWeave Denton GB200s OpenAI/Microsoft,CoreWeave,United States of America,260.0,,,,,,NVIDIA GB200,100000.0,,,100000.0,961538461538.4615,5e+20,5e+20,2.5e+20,125000000000000000000
xAI Colossus Memphis Phase 2,xAI,United States of America,280.28,2025-02-18,7120201208.681584,,,7120201208.681584,NVIDIA H100 SXM5 80GB,150000.0,NVIDIA H200 SXM,50000.0,200000.0,706026116740.4025,3.958e+20,3.958e+20,1.97885e+20,98930000000000000000
SK Group AWS Uslan Phase 2,"SK Telecom,Amazon",Korea (Republic of),103.0,,,,,,NVIDIA GB200,60000.0,,,60000.0,1456310679611.6504,3e+20,3e+20,1.5e+20,75000000000000000000
Project Rainier,Amazon,United States of America,350.0,,,,,,Amazon Trainium2,400000.0,,,400000.0,762285714285.7142,2.668e+20,,2.668e+20,
Applied Digital CoreWeave Ellendale Phase 1,Applied Digital,United States of America,100.0,,3290034407.151852,,,3290034407.151852,NVIDIA GB200,45000.0,,,45000.0,1125000000000.0,2.25e+20,2.25e+20,1.125e+20,56250000000000000000
Nscale Loughton,,United Kingdom of Great Britain and Northern Ireland,90.0,,,,,,NVIDIA GB200,45000.0,,,45000.0,1250000000000.0,2.25e+20,2.25e+20,1.125e+20,56250000000000000000
EU AI Gigafactory #3,,,96.09600000000002,,,,,,NVIDIA GB200,40000.0,,,40000.0,1040626040626.0404,2e+20,2e+20,1e+20,50000000000000000000
EU AI Gigafactory #4,,,96.09600000000002,,,,,,NVIDIA GB200,40000.0,,,40000.0,1040626040626.0404,2e+20,2e+20,1e+20,50000000000000000000
CoreWeave Muskogee,CoreWeave,United States of America,100.0,,,,,,NVIDIA GB200,40000.0,,,40000.0,1000000000000.0,2e+20,2e+20,1e+20,50000000000000000000
EU AI Gigafactory #1,,,96.09600000000002,,,,,,NVIDIA GB200,40000.0,,,40000.0,1040626040626.0404,2e+20,2e+20,1e+20,50000000000000000000
Sesterce Valence,Sesterce,France,96.09600000000002,,,,,,NVIDIA GB200,40000.0,,,40000.0,1040626040626.0404,2e+20,2e+20,1e+20,50000000000000000000
EU AI Gigafactory #2,,,96.09600000000002,,,,,,NVIDIA GB200,40000.0,,,40000.0,1040626040626.0404,2e+20,2e+20,1e+20,50000000000000000000
EU AI Gigafactory #5,,,96.09600000000002,,,,,,NVIDIA GB200,40000.0,,,40000.0,1040626040626.0404,2e+20,2e+20,1e+20,50000000000000000000
xAI Colossus Memphis Phase 1,xAI,United States of America,150.0,2024-09-02,3802927639.101294,,,3802927639.101294,NVIDIA H100 SXM5 80GB,100000.0,,,100000.0,659600000000.0,1.979e+20,1.979e+20,9.894e+19,49470000000000000000
Tesla Cortex Phase 3,Tesla,United States of America,140.14,,4700049153.074074,,,4700049153.074074,NVIDIA H100 SXM5 80GB,100000.0,,20000.0,120000.0,706008277436.8489,1.979e+20,1.979e+20,9.894e+19,49470000000000000000
Meta 100k,Meta AI,United States of America,142.688,2024-10-30,3810062229.221386,,,3810062229.221386,NVIDIA H100 SXM5 80GB,100000.0,,,100000.0,693400986768.3337,1.979e+20,1.979e+20,9.894e+19,49470000000000000000
OpenAI/Microsoft Goodyear Arizona,"Microsoft,OpenAI",United States of America,142.688,2024-10-02,3802450830.801299,,,3802450830.801299,NVIDIA H100 SXM5 80GB,100000.0,,,100000.0,693400986768.3337,1.979e+20,1.979e+20,9.894e+19,49470000000000000000
together.ai 36k GB200s,Together,United States of America,86.4864,,,,,,NVIDIA GB200,36000.0,,,36000.0,1040626040626.0406,1.8e+20,1.8e+20,9e+19,45000000000000000000
Oracle OCI Supercluster H200s,Oracle,United States of America,93.51200768,2024-11-21,2345609100.860053,,,2345609100.860053,NVIDIA H200 SXM,65536.0,,,65536.0,693471069746.58,1.29695744e+20,1.29695744e+20,6.4847872e+19,32407552000000000000
Nebius Finland Phase 2,Nebius AI,Finland,84.084,,2820029491.8444443,,,2820029491.8444443,NVIDIA H100 SXM5 80GB,60000.0,,,60000.0,706008277436.8489,1.1874e+20,1.1874e+20,5.9364e+19,29682000000000000000
G42 Microsoft 100Mw UAE Cluster,"G42,Microsoft",United Arab Emirates,100.0,,2585027034.1907406,,,2585027034.1907406,NVIDIA H100 SXM5 80GB,55000.0,,,55000.0,544170000000.0,1.08845e+20,1.08845e+20,5.4417e+19,27208500000000000000
Project Ceiba Phase 2,"Amazon,NVIDIA",United States of America,49.81616640000001,,,,,,NVIDIA GB200,20736.0,,,20736.0,1040626040626.0404,1.0368e+20,1.0368e+20,5.184e+19,25920000000000000000
Tesla Cortex Phase 1,Tesla,United States of America,71.344,2024-11-15,1905031114.610693,,,1905031114.610693,NVIDIA H100 SXM5 80GB,50000.0,,,50000.0,693400986768.3337,9.895e+19,9.895e+19,4.947e+19,24735000000000000000
Tesla Cortex Phase 2,Tesla,United States of America,70.07,,2350024576.537037,,,2350024576.537037,NVIDIA H100 SXM5 80GB,50000.0,,20000.0,70000.0,706008277436.8489,9.895e+19,9.895e+19,4.947e+19,24735000000000000000
Lawrence Livermore NL El Capitan Phase 2,US Department of Energy,United States of America,35.0,2024-11-18,1826641892.232672,600000000.0,607324736.6965789,607324736.6965789,AMD Instinct MI300A,44544.0,,,44544.0,1247995611428.5715,8.73596928e+19,8.73596928e+19,4.36798464e+19,21839923200000000000
CoreWeave H200s,CoreWeave,United States of America,59.92896000000001,2024-08-28,1499797837.3467495,,,1499797837.3467495,NVIDIA H200 SXM,42000.0,,,42000.0,693471069746.5798,8.3118e+19,8.3118e+19,4.1559e+19,20769000000000000000
YTL AI Johor,YTL Power,Malaysia,37.064227200000005,,,,,,NVIDIA GB200,15428.0,,,15428.0,1040626040626.0404,7.714e+19,7.714e+19,3.857e+19,19285000000000000000
Nebius Kansas City Phase 2,Nebius AI,United States of America,40.0,,1250521491.3171296,,,1250521491.3171296,NVIDIA B200,8000.0,NVIDIA H200 SXM,18000.0,26000.0,895275000000.0,7.1622e+19,7.1622e+19,3.5811e+19,17901000000000000000
Tesla Earnings Call Claim,Tesla,United States of America,49.94080000000001,2024-03-31,1249366457.6570702,,,1249366457.6570702,NVIDIA H100 SXM5 80GB,35000.0,,,35000.0,693400986768.3336,6.9265e+19,6.9265e+19,3.4629e+19,17314500000000000000
Lambda Labs H100/H200,Lambda Labs,United States of America,46.47552,2023-12-05,1056677221.8329314,,,1056677221.8329314,NVIDIA H100 SXM5 80GB,32000.0,NVIDIA H200 SXM,,32000.0,681236057175.9069,6.3328e+19,6.3328e+19,3.16608e+19,15830400000000000000
NVIDIA CoreWeave Eos-DFW Rumored Phase 2,"NVIDIA,CoreWeave",United States of America,44.8448,,1504015728.9837036,,,1504015728.9837036,NVIDIA H100 SXM5 80GB,32000.0,,,32000.0,706008277436.8489,6.3328e+19,6.3328e+19,3.16608e+19,15830400000000000000
Sesterce Pegasus,Sesterce,,25.215590400000004,,,,,,NVIDIA GB200,10496.0,,,10496.0,1040626040626.0404,5.248e+19,5.248e+19,2.624e+19,13120000000000000000
Google A3 VMs,Google,United States of America,36.4364,,1222012779.7992592,,,1222012779.7992592,NVIDIA H100 SXM5 80GB,26000.0,,,26000.0,706008277436.8489,5.1454e+19,5.1454e+19,2.57244e+19,12862200000000000000
Meta GenAI 2024b,Meta AI,United States of America,35.067002880000004,2024-03-12,880071195.8491452,,,880071195.8491452,NVIDIA H100 SXM5 80GB,24576.0,,,24576.0,693400986768.3336,4.8635904e+19,4.8635904e+19,2.43154944e+19,12157747200000000000
Meta GenAI 2024a,Meta AI,United States of America,35.067002880000004,2024-03-12,880071195.8491452,,,880071195.8491452,NVIDIA H100 SXM5 80GB,24576.0,,,24576.0,693400986768.3336,4.8635904e+19,4.8635904e+19,2.43154944e+19,12157747200000000000
"""Jupiter, Jülich""","EuroHPC JU,Julich Supercomputing Center",Germany,18.0,2025-06-10,1089491617.5764012,287000000.0,290000685.87105626,290000685.87105626,NVIDIA GH200,23536.0,,,23536.0,1293826222222.2222,4.6577744e+19,4.6577744e+19,2.3288872e+19,11638552000000000000
Inflection AI Cluster,Inflection AI,United States of America,31.0,,1034010813.676296,,,1034010813.676296,NVIDIA H100 SXM5 80GB,22000.0,,,22000.0,702154838709.6774,4.3538e+19,4.3538e+19,2.17668e+19,10883400000000000000
Oracle OCI MI300x,Oracle,United States of America,25.0478592,2024-11-15,446003052.8923827,,,446003052.8923827,AMD Instinct MI300X,16384.0,,,16384.0,855180533751.9623,4.28425216e+19,4.28425216e+19,2.14204416e+19,10710220800000000000
Andreessen Horowitz Oxygen,Andreessen Horowitz,United States of America,28.537600000000005,2024-10-23,762012445.8442771,,,762012445.8442771,NVIDIA H100 SXM5 80GB,20000.0,,,20000.0,693400986768.3336,3.958e+19,3.958e+19,1.9788e+19,9894000000000000000
AWS EC2 P5 UltraClusters,Amazon,United States of America,29.0472,2023-07-26,719603493.3825144,,,719603493.3825144,NVIDIA H100 SXM5 80GB,20000.0,,,20000.0,681236057175.9069,3.958e+19,3.958e+19,1.9788e+19,9894000000000000000
Project Ceiba Phase 1,"Amazon,NVIDIA",United States of America,22.9605376,,751209101.1855801,,,751209101.1855801,NVIDIA GH200,16384.0,,,16384.0,706079634651.0632,3.2423936e+19,3.2423936e+19,1.6211968e+19,8101888000000000000
Paper on Llama 3.1,Meta AI,,23.378001920000003,2024-07-23,584357946.473871,,,584357946.473871,NVIDIA H100 SXM5 80GB,16384.0,,,16384.0,693400986768.3336,3.2423936e+19,3.2423936e+19,1.62103296e+19,8105164800000000000
Yotta Shakti Cloud D1,Yotta Data Services,India,22.9605376,,770056053.2396562,,,770056053.2396562,NVIDIA H100 SXM5 80GB,16384.0,,,16384.0,706008277436.8489,3.2423936e+19,3.2423936e+19,1.62103296e+19,8105164800000000000
Yotta Shakti Cloud NM1 Phase 2,Yotta Data Services,India,22.9605376,,770056053.2396562,,,770056053.2396562,NVIDIA H100 SXM5 80GB,16384.0,,,16384.0,706008277436.8489,3.2423936e+19,3.2423936e+19,1.62103296e+19,8105164800000000000
NexGen Cloud Hyperstack AQ Compute Supercomputer,NexGen Cloud,Norway,23.378001920000003,2024-04-19,582815283.1519562,,,582815283.1519562,NVIDIA H100 SXM5 80GB,16384.0,,,16384.0,693400986768.3336,3.2423936e+19,3.2423936e+19,1.62103296e+19,8105164800000000000
Oracle OCI Supercluster H100s,Oracle,United States of America,23.378001920000003,2024-04-15,584846286.9215268,,,584846286.9215268,NVIDIA H100 SXM5 80GB,16384.0,,,16384.0,693400986768.3336,3.2423936e+19,3.2423936e+19,1.62103296e+19,8105164800000000000
Sakura's B200s Phase 2,Sakura Internet,Japan,16.416400000000003,,482340860.9113168,,,482340860.9113168,NVIDIA B200,4000.0,NVIDIA H100 SXM5 80GB,6000.0,10000.0,909846251309.6658,2.9874e+19,2.9874e+19,1.49364e+19,7468200000000000000
Microsoft NVIDIA partnership,Microsoft,United States of America,21.7854,2023-05-15,715407335.7359537,,,715407335.7359537,NVIDIA H100 SXM5 80GB,15000.0,,,15000.0,681236057175.9069,2.9685e+19,2.9685e+19,1.4841e+19,7420500000000000000
G42 Microsoft 30Mw UAE Cluster A,"G42,Microsoft",United Arab Emirates,30.0,,705007372.9611111,,,705007372.9611111,NVIDIA H100 SXM5 80GB,15000.0,,,15000.0,494700000000.0,2.9685e+19,2.9685e+19,1.4841e+19,7420500000000000000
G42 Microsoft 30Mw UAE Cluster B,"G42,Microsoft",United Arab Emirates,30.0,,705007372.9611111,,,705007372.9611111,NVIDIA H100 SXM5 80GB,15000.0,,,15000.0,494700000000.0,2.9685e+19,2.9685e+19,1.4841e+19,7420500000000000000
iGenius Colosseum,iGenius,Italy,13.837824,,,,,,NVIDIA GB200,5760.0,,,5760.0,1040626040626.0404,2.88e+19,2.88e+19,1.44e+19,7200000000000000000
Microsoft Azure Eagle,Microsoft,United States of America,20.913984,2023-11-15,476613908.53963214,,,476613908.53963214,NVIDIA H100 SXM5 80GB,14400.0,,,14400.0,681236057175.9069,2.84976e+19,2.84976e+19,1.424736e+19,7123680000000000000
TensorWave MI300X Cluster 2,TensorWave,United States of America,15.015000000000002,,271858907.89310706,,,271858907.89310706,AMD Instinct MI300X,10000.0,,,10000.0,870729270729.2706,2.6149e+19,2.6149e+19,1.3074e+19,6537000000000000000
TensorWave MI300X Cluster 1 Phase 2,TensorWave,United States of America,15.015000000000002,,271858907.89310706,,,271858907.89310706,AMD Instinct MI300X,10000.0,,,10000.0,870729270729.2706,2.6149e+19,2.6149e+19,1.3074e+19,6537000000000000000
Foxconn Big Innovation Cloud AI factory,Foxconn,Taiwan,26.026000000000003,,,,,,NVIDIA GB300 (Blackwell Ultra),5000.0,NVIDIA GB200,5000.0,10000.0,960577883654.8066,2.5825e+19,2.5825e+19,2.5e+19,12500000000000000000
Saudi Data & AI Authority Sovereign AI factory,Saudi Data and Artificial Intelligence Authority,Saudi Arabia,12.012000000000002,,,,,,NVIDIA GB200,5000.0,,,5000.0,1040626040626.0404,2.5e+19,2.5e+19,1.25e+19,6250000000000000000
xAI Fulton Georgia,xAI,United States of America,20.0,,,700000000.0,,,NVIDIA H100 SXM5 80GB,12112.0,NVIDIA A100,336.0,12448.0,604422240000.0,2.4179312e+19,2.4179312e+19,1.20884448e+19,6044222400000000000
Foxconn Hon Hai Kaohsiung Supercomputer,Foxconn,Taiwan,11.0702592,,,,,,NVIDIA GB200,4608.0,,,4608.0,1040626040626.0404,2.304e+19,2.304e+19,1.152e+19,5760000000000000000
NVIDIA MLPerf v4.0 Submission 2024,NVIDIA,,16.574638080000003,2024-06-12,414709261.3029031,,,414709261.3029031,NVIDIA H100 SXM5 80GB,11616.0,,,11616.0,693400986768.3335,2.2988064e+19,2.2988064e+19,1.14928704e+19,5746435200000000000
Microsoft Azure MLPerf 3.1 Submission,Microsoft,United States of America,15.61577472,2023-11-08,355871718.3762587,,,355871718.3762587,NVIDIA H100 SXM5 80GB,10752.0,,,10752.0,681236057175.9069,2.1278208e+19,2.1278208e+19,1.06380288e+19,5319014400000000000
NVIDIA CoreWeave Eos-DFW Phase 1,"NVIDIA,CoreWeave",United States of America,15.61577472,2023-11-08,355871718.3762587,,,355871718.3762587,NVIDIA H100 SXM5 80GB,10752.0,,,10752.0,681236057175.9069,2.1278208e+19,2.1278208e+19,1.06380288e+19,5319014400000000000
Alps Supercomputer Phase 2,ETH Domain,Switzerland,11.9088,2024-09-17,492647200.836752,118000000.0,119153004.50529516,119153004.50529516,NVIDIA GH200,10752.0,,,10752.0,893381700927.0455,2.1278208e+19,2.1278208e+19,1.0639104e+19,5316864000000000000
Oracle OCI Supercluster A100s,Oracle,United States of America,27.19481856,2023-11-15,646451863.8502183,,,646451863.8502183,NVIDIA A100,32768.0,,,32768.0,375939849624.0602,2.0447232e+19,2.0447232e+19,1.0223616e+19,5111808000000000000
Google TPUv5e,Google,,23.78218752,2023-11-08,158260458.05800846,,,158260458.05800846,Google TPU v5e,50944.0,,,50944.0,420482766422.9939,2.0020992e+19,2.0020992e+19,1e+19,
Imbue 10k Cluster,Imbue,United States of America,14.523599999999998,2023-09-07,332254920.4479826,,,332254920.4479826,NVIDIA H100 SXM5 80GB,10000.0,,,10000.0,681236057175.9069,1.979e+19,1.979e+19,9.894e+18,4947000000000000000
Poolside 10k Cluster,Poolside,,14.014,,470004915.3074074,,,470004915.3074074,NVIDIA H100 SXM5 80GB,10000.0,,,10000.0,706008277436.8488,1.979e+19,1.979e+19,9.894e+18,4947000000000000000
Tesla 10k H100 Cluster,Tesla,United States of America,14.523599999999998,2023-08-28,360340094.3176919,,,360340094.3176919,NVIDIA H100 SXM5 80GB,10000.0,,,10000.0,681236057175.9069,1.979e+19,1.979e+19,9.894e+18,4947000000000000000
SoftBank Planned B200 Superpod,Softbank,Japan,8.008000000000001,,200337911.7268724,,,200337911.7268724,NVIDIA B200,4000.0,,,4000.0,1123876123876.1238,1.8e+19,1.8e+19,9e+18,4500000000000000000
S. Korea 6th national supercomputer,Ministry of Science and ICT,Korea (Republic of),12.33232,,413604325.4705186,,,413604325.4705186,NVIDIA H100 SXM5 80GB,8800.0,,,8800.0,706008277436.8488,1.74152e+19,1.74152e+19,8.70672e+18,4353360000000000000
Stargate UAE Phase 1,Stargate (OpenAI),United Arab Emirates,200.0,,,,,,NVIDIA GB300 (Blackwell Ultra),100000.0,,,100000.0,1250000000000.0,1.65e+19,1.65e+19,2.5e+20,125000000000000000000
Sesterce Nordics,Sesterce,,11.68900096,2024-06-29,291932774.8579785,,,291932774.8579785,NVIDIA H100 SXM5 80GB,8192.0,,,8192.0,693400986768.3336,1.6211968e+19,1.6211968e+19,8.1051648e+18,4052582400000000000
Nebius 8k Finland Phase 1,Nebius AI,Finland,11.41504,2024-05-10,284577774.9765411,,,284577774.9765411,NVIDIA H100 SXM5 80GB,8000.0,,,8000.0,693400986768.3336,1.5832e+19,1.5832e+19,7.9152e+18,3957600000000000000
Magic G4 Google Cloud Rental,Google,United States of America,11.2112,,376003932.2459259,,,376003932.2459259,NVIDIA H100 SXM5 80GB,8000.0,,,8000.0,706008277436.8489,1.5832e+19,1.5832e+19,7.9152e+18,3957600000000000000
Microsoft GPT-4 cluster,"Microsoft,OpenAI",United States of America,21.294,2022-04-30,562523106.0274715,,,562523106.0274715,NVIDIA A100,25000.0,,,25000.0,366300366300.3663,1.56e+19,1.56e+19,7.8e+18,3900000000000000000
Aramco Groq Inference Cluster,Saudi Aramco,Saudi Arabia,8.49023175,2025-01-15,674658904.266,,,674658904.266,GroqChip LPU v1,19725.0,,,19725.0,436772529795.7856,1.479375e+19,1.479375e+19,3.7083e+18,
Oak Ridge NL Frontier,US Department of Energy,United States of America,40.0,2022-05-30,967488702.6423289,600000000.0,620445966.1887438,620445966.1887438,AMD Radeon Instinct MI250X,37632.0,,,37632.0,360326400000.0,1.4413056e+19,1.4413056e+19,1.4413056e+19,3601382400000000000
Alps Supercomputer Phase 1,ETH Domain,Switzerland,8.6825,2024-06-01,293225224.7466417,,,293225224.7466417,NVIDIA GH200,6400.0,,,6400.0,729375179959.6891,1.26656e+19,1.26656e+19,6.3328e+18,3164800000000000000
AWS EC2 Trn1,Amazon,United States of America,,2022-10-11,,,,,Amazon Trainium1,30000.0,,,30000.0,,1.26e+19,1.26e+19,5.7e+18,5700000000000000000
Paper on Movie Gen,Meta AI,,8.766750720000001,2024-10-04,233622579.04443172,,,233622579.04443172,NVIDIA H100 SXM5 80GB,6144.0,,,6144.0,693400986768.3336,1.2158976e+19,1.2158976e+19,6.0788736e+18,3039436800000000000
AIST ABCI 3.0,National Institute of Advanced Industrial Science and Technology (AIST),Japan,8.587779200000002,2025-01-20,218948448.5368963,233159040.0,235596799.71093044,235596799.71093044,NVIDIA H200 SXM,6128.0,,,6128.0,706079634651.0631,1.2127312e+19,1.2127312e+19,6.063656e+18,3030296000000000000
University of Bristol Isambard-AI,UK Research and Innovation,United Kingdom of Great Britain and Northern Ireland,7.6348272,2025-06-15,249791698.1969629,273000000.0,275854310.95051694,275854310.95051694,NVIDIA GH200,5448.0,,,5448.0,706079634651.0632,1.0781592e+19,1.0781592e+19,5.390796e+18,2694036000000000000
KDDI Sharp Sakai,KDDI,Japan,4.8048,,,,,,NVIDIA GB200,2000.0,,,2000.0,1040626040626.0406,1e+19,1e+19,5e+18,2500000000000000000
Meta Research SuperCluster (RSC-1) Phase 2,Meta AI,United States of America,13.278719999999998,2023-05-18,357306992.66499525,,,357306992.66499525,NVIDIA A100,16000.0,,,16000.0,375939849624.0602,9.984e+18,9.984e+18,4.992e+18,2496000000000000000
Inflection-2 training cluster,"Inflection AI,CoreWeave",United States of America,7.261799999999999,2023-07-30,179900873.3456286,,,179900873.3456286,NVIDIA H100 SXM5 80GB,5000.0,,,5000.0,681236057175.9069,9.895e+18,9.895e+18,4.947e+18,2473500000000000000
Sustainable Metal Cloud Singapore Phase 2,SMC - Sustainable Metal Cloud,Singapore,7.007000000000001,,235002457.6537037,,,235002457.6537037,NVIDIA H100 SXM5 80GB,5000.0,,,5000.0,706008277436.8488,9.895e+18,9.895e+18,4.947e+18,2473500000000000000
Nebius ISEG2,Nebius AI,Iceland,6.995788800000001,2025-06-15,,,,,NVIDIA H200 SXM,4992.0,,,4992.0,706079634651.0631,9.879168e+18,9.879168e+18,4.939584e+18,2468544000000000000
NVIDIA Eos Phase 2,NVIDIA,United States of America,6.69247488,2023-11-01,152516450.7326823,,,152516450.7326823,NVIDIA H100 SXM5 80GB,4608.0,,,4608.0,681236057175.9069,9.119232e+18,9.119232e+18,4.5591552e+18,2279577600000000000
Lawrence Livermore NL Tuolumne,US Department of Energy,United States of America,5.6612,2024-11-18,188962954.36889708,,,188962954.36889708,AMD Instinct MI300A,4608.0,,,4608.0,798170847170.2113,9.0372096e+18,9.0372096e+18,4.5186048e+18,2259302400000000000
Google Oklahoma TPU v4 Pods,Google,United States of America,23.723900928,2022-05-12,299820914.1164615,,,299820914.1164615,Google TPU v4,32768.0,,,32768.0,379836352687.0314,9.0112e+18,9.0112e+18,9.0112e+18,
Mare Nostrum 5,"Barcelona Supercomputing Center,EuroHPC JU",Spain,6.0,2023-11-01,148279882.65677443,159400000.0,162157070.19671246,162157070.19671246,NVIDIA H100 SXM5 80GB,4480.0,,,4480.0,738752000000.0,8.86592e+18,8.86592e+18,4.432512e+18,2216256000000000000
Together AI H100 Cluster,Together,United States of America,6.425240639999999,2023-10-16,146721675.82831895,,,146721675.82831895,NVIDIA H100 SXM5 80GB,4424.0,,,4424.0,681236057175.9069,8.755096e+18,8.755096e+18,4.3771056e+18,2188552800000000000
EuroHPC Leonardo,EuroHPC JU,Italy,12.5985,2022-11-22,311419540.35140723,272208000.0,280971647.2256874,280971647.2256874,NVIDIA A100,13824.0,,,13824.0,342349327300.86914,8.626176e+18,8.626176e+18,4.313088e+18,2156544000000000000
Amazon Titan training cluster,Amazon,United States of America,11.419699199999998,2023-01-15,309575729.94726515,,,309575729.94726515,NVIDIA A100,13760.0,,,13760.0,375939849624.0602,8.58624e+18,8.58624e+18,4.29312e+18,2146560000000000000
Google Hypercomputer TPU v5p pod,Google,,10.038712319999998,2023-12-06,57598146.17527369,,,57598146.17527369,Google TPU v5p,8960.0,,,8960.0,409678041256.9887,8.22528e+18,8.22528e+18,4.11264e+18,
Yotta Shakti Cloud NM1 Phase 1,Yotta Data Services,India,5.844500480000001,2024-05-15,145703820.78798905,,,145703820.78798905,NVIDIA H100 SXM5 80GB,4096.0,,,4096.0,693400986768.3336,8.105984e+18,8.105984e+18,4.0525824e+18,2026291200000000000
Sesterce Synapse Phase 2,Sesterce,France,5.7401344000000005,2025-01-15,144832469.2992,,,144832469.2992,NVIDIA H200 SXM,4096.0,,,4096.0,706079634651.0632,8.105984e+18,8.105984e+18,4.052992e+18,2025472000000000000
Sesterce H100s Phase 2,Sesterce,France,5.844500480000001,2024-07-06,145966387.42898926,,,145966387.42898926,NVIDIA H100 SXM5 80GB,4096.0,,,4096.0,693400986768.3336,8.105984e+18,8.105984e+18,4.0525824e+18,2026291200000000000
PanaAI AUS AISF,PanaAI,Australia,5.7289232000000005,,146060910.18584076,,,146060910.18584076,NVIDIA H200 SXM,4088.0,,,4088.0,706079634651.0632,8.090152e+18,8.090152e+18,4.045076e+18,2021516000000000000
Voltage Park Virginia,Voltage Park,United States of America,5.7289232000000005,,192138009.3776681,,,192138009.3776681,NVIDIA H100 SXM5 80GB,4088.0,,,4088.0,706008277436.8489,8.090152e+18,8.090152e+18,4.0446672e+18,2022333600000000000
Voltage Park Location 6,Voltage Park,United States of America,5.7289232000000005,,192138009.3776681,,,192138009.3776681,NVIDIA H100 SXM5 80GB,4088.0,,,4088.0,706008277436.8489,8.090152e+18,8.090152e+18,4.0446672e+18,2022333600000000000
Voltage Park Texas Phase 2,Voltage Park,United States of America,5.7289232000000005,,192138009.3776681,,,192138009.3776681,NVIDIA H100 SXM5 80GB,4088.0,,,4088.0,706008277436.8489,8.090152e+18,8.090152e+18,4.0446672e+18,2022333600000000000
Voltage Park Location 5,Voltage Park,United States of America,5.7289232000000005,,192138009.3776681,,,192138009.3776681,NVIDIA H100 SXM5 80GB,4088.0,,,4088.0,706008277436.8489,8.090152e+18,8.090152e+18,4.0446672e+18,2022333600000000000
Voltage Park Utah,Voltage Park,United States of America,5.7289232000000005,,192138009.3776681,,,192138009.3776681,NVIDIA H100 SXM5 80GB,4088.0,,,4088.0,706008277436.8489,8.090152e+18,8.090152e+18,4.0446672e+18,2022333600000000000
Voltage Park Washington,Voltage Park,United States of America,5.7289232000000005,,192138009.3776681,,,192138009.3776681,NVIDIA H100 SXM5 80GB,4088.0,,,4088.0,706008277436.8489,8.090152e+18,8.090152e+18,4.0446672e+18,2022333600000000000
ExxonMobil Discovery 6,ExxonMobil,United States of America,5.650444800000001,2025-06-15,,,,,NVIDIA GH200,4032.0,,,4032.0,706079634651.0631,7.979328e+18,7.979328e+18,3.989664e+18,1993824000000000000
Telangana Yotta H1 Hyderbad AI City Cluster Phase 1,Government of Telangana,India,5.6056,,188001966.1229629,,,188001966.1229629,NVIDIA H100 SXM5 80GB,4000.0,,,4000.0,706008277436.8489,7.916e+18,7.916e+18,3.9576e+18,1978800000000000000
OneAsia OBON Clusters,OneAsia,Thailand,5.6056,,188001966.1229629,,,188001966.1229629,NVIDIA H100 SXM5 80GB,4000.0,,,4000.0,706008277436.8489,7.916e+18,7.916e+18,3.9576e+18,1978800000000000000
CoreWeave LiquidLab,CoreWeave,United States of America,5.6056,,188001966.1229629,,,188001966.1229629,NVIDIA H100 SXM5 80GB,4000.0,,,4000.0,706008277436.8489,7.916e+18,7.916e+18,3.9576e+18,1978800000000000000
Microsoft Azure ND H100 v5 VM,Microsoft,United States of America,5.80944,2023-03-13,190859527.0434332,,,190859527.0434332,NVIDIA H100 SXM5 80GB,4000.0,,,4000.0,681236057175.9069,7.916e+18,7.916e+18,3.9576e+18,1978800000000000000
Sweden 4k H100 Cluster,,Sweden,5.6056,2025-01-14,150626230.5,,,150626230.5,NVIDIA H100 SXM5 80GB,4000.0,,,4000.0,706008277436.8489,7.916e+18,7.916e+18,3.9576e+18,1978800000000000000
Mistral Large Model Implied Cluster,,,5.80944,2023-11-26,132084652.72911642,,,132084652.72911642,NVIDIA H100 SXM5 80GB,4000.0,,,4000.0,681236057175.9069,7.916e+18,7.916e+18,3.9576e+18,1978800000000000000
Nebius Kansas City Phase 1,Nebius AI,United States of America,5.0,2025-04-15,142916741.8648148,,,142916741.8648148,NVIDIA H200 SXM,4000.0,,,4000.0,791600000000.0,7.916e+18,7.916e+18,3.958e+18,1978000000000000000
Gemini 1.0 Ultra training cluster A,Google,United States of America,20.226146304,2023-08-20,259857295.64948127,,,259857295.64948127,Google TPU v4,28672.0,,,28672.0,389832046178.79535,7.8848e+18,7.8848e+18,7.8848e+18,
Gemini 1.0 Ultra training cluster B,Google,United States of America,20.226146304,2023-08-20,259857295.64948127,,,259857295.64948127,Google TPU v4,28672.0,,,28672.0,389832046178.79535,7.8848e+18,7.8848e+18,7.8848e+18,
Vultr Chicago Cluster,Vultr,United States of America,4.5864,2024-12-11,81699126.74275017,,,81699126.74275017,AMD Instinct MI300X,3000.0,,,3000.0,855180533751.9623,7.8447e+18,7.8447e+18,3.9222e+18,1961100000000000000
NFDG Andromeda Phase 2,Nat Friedman and Daniel Gross,United States of America,5.808624640000001,2024-07-15,146020983.3802864,,,146020983.3802864,NVIDIA H100 SXM5 80GB,3632.0,NVIDIA A100 SXM4 40 GB,768.0,4400.0,659900929663.1017,7.66696e+18,7.66696e+18,3.8331168e+18,1916558400000000000
NVIDIA Coreweave MLPerf v3.0 Submission 2023,"NVIDIA,CoreWeave,Inflection AI",United States of America,5.205258239999999,2023-06-01,129400759.97831686,,,129400759.97831686,NVIDIA H100 SXM5 80GB,3584.0,,,3584.0,681236057175.9069,7.092736e+18,7.092736e+18,3.5460096e+18,1773004800000000000
XTX Markets Cluster,XTX Markets,,14.523599999999998,2023-03-27,409025143.8191224,,,409025143.8191224,NVIDIA A100,10000.0,NVIDIA V100,10000.0,20000.0,300889586603.8724,6.24e+18,6.24e+18,4.37e+18,1716700000000000000
Novo Nordisk Gefion,"Novo Nordisk Foundation,Danish Centre for AI Innovation,Export and Investment Fund of Denmark",Denmark,2.9307,2024-10-23,58217750.86250277,98000000.0,99155664.2489824,99155664.2489824,NVIDIA H100 SXM5 80GB,1528.0,,,1528.0,515850547650.73193,6e+18,6e+18,1.5118032e+18,755901600000000000
FPT AI Factory Vietnam,FPT Corporation,Vietnam,4.2042,,141001474.59222218,,,141001474.59222218,NVIDIA H100 SXM5 80GB,3000.0,NVIDIA H200 SXM,,3000.0,706008277436.8489,5.937e+18,5.937e+18,2.9682e+18,1484100000000000000
FPT AI Factory Japan,FPT Corporation,Japan,4.2042,,141001474.59222218,,,141001474.59222218,NVIDIA H100 SXM5 80GB,3000.0,NVIDIA H200 SXM,,3000.0,706008277436.8489,5.937e+18,5.937e+18,2.9682e+18,1484100000000000000
Paper on Gemma 2 27B,Google,,6.762921984000001,2024-06-27,39221061.61351344,,,39221061.61351344,Google TPU v5p,6144.0,,,6144.0,416993720565.14905,5.640192e+18,5.640192e+18,2.820096e+18,
KAUST Shaheen-III,King Abdullah University of Science and Technology (KAUST),Saudi Arabia,5.3,,129114064.26627162,,,129114064.26627162,NVIDIA GH200,2816.0,,,2816.0,525741886792.4528,5.572864e+18,5.572864e+18,2.786432e+18,1392512000000000000
CEA EXA1-HE Phase 3,French Alternative Energies and Atomic Energy Commission (CEA),France,3.7669632,2025-06-15,,,,,NVIDIA GH200,2688.0,,,2688.0,706079634651.0632,5.319552e+18,5.319552e+18,2.659776e+18,1329216000000000000
Eni HPC6,Eni,Italy,14.1546496,2024-11-18,349498499.42604226,,,349498499.42604226,AMD Radeon Instinct MI250X,13888.0,,,13888.0,375784929356.3579,5.319104e+18,5.319104e+18,5.319104e+18,1329081600000000000
Los Alamos NL Venado,US Department of Energy,United States of America,2.7775,2024-04-16,117272446.69013454,,,117272446.69013454,NVIDIA GH200,2560.0,,,2560.0,912014401440.144,5.06624e+18,5.06624e+18,2.53312e+18,1265920000000000000
Meta Research SuperCluster 2 (RSC-2),Meta AI,United States of America,6.639359999999999,2023-10-31,157825162.07280722,,,157825162.07280722,NVIDIA A100,8000.0,,,8000.0,375939849624.0602,4.992e+18,4.992e+18,2.496e+18,1248000000000000000
NFDG Andromeda Phase 1,Nat Friedman and Daniel Gross,United States of America,3.64832832,2023-06-13,90696068.3776596,,,90696068.3776596,NVIDIA H100 SXM5 80GB,2512.0,,,2512.0,681236057175.9069,4.971248e+18,4.971248e+18,2.4853728e+18,1242686400000000000
Samsung SSC4,Samsung,Korea (Republic of),3.4978944000000003,2025-06-15,,,,,NVIDIA H100 SXM5 80GB,2496.0,,,2496.0,706008277436.8488,4.939584e+18,4.939584e+18,2.4695424e+18,1234771200000000000
Tesla A100 Cluster Phase 2,Tesla,United States of America,6.2689536,2022-08-16,166279435.48285377,,,166279435.48285377,NVIDIA A100 SXM4 80 GB,7360.0,,,7360.0,366300366300.36633,4.59264e+18,4.59264e+18,2.29632e+18,1148160000000000000
EuroHPC LUMI,EuroHPC JU,Finland,12.0922,2022-09-15,306928476.0706662,165000000.0,171001750.0814989,171001750.0814989,AMD Radeon Instinct MI250X,11912.0,,,11912.0,377292469525.81,4.562296e+18,4.562296e+18,4.562296e+18,1139978400000000000
Lawrence Berkeley NL NERSC Perlmutter,US Department of Energy,United States of America,6.9,2021-05-17,198102286.01127368,146000000.0,153237845.35186794,153237845.35186794,NVIDIA A100 SXM4 40 GB,6144.0,NVIDIA A100 SXM4 80 GB,1024.0,7168.0,324118260869.56525,4.472832e+18,4.472832e+18,2.236416e+18,1118208000000000000
Sesterce H100s Phase 1,Sesterce,,2.9222502400000003,2024-07-06,72983193.71449463,,,72983193.71449463,NVIDIA H100 SXM5 80GB,2048.0,,,2048.0,693400986768.3336,4.052992e+18,4.052992e+18,2.0262912e+18,1013145600000000000
Northern Data Group Taiga Cloud Island 4,Northern Data Group,,2.9222502400000003,2024-03-30,73105785.86519085,,,73105785.86519085,NVIDIA H100 SXM5 80GB,2048.0,,,2048.0,693400986768.3336,4.052992e+18,4.052992e+18,2.0262912e+18,1013145600000000000
AIST ABCI-Q,National Institute of Advanced Industrial Science and Technology (AIST),Japan,2.8700672000000003,2025-06-15,96257006.65495704,,,96257006.65495704,NVIDIA H100 SXM5 80GB,2048.0,,,2048.0,706008277436.8489,4.052992e+18,4.052992e+18,2.0262912e+18,1013145600000000000
Northern Data Group Taiga Cloud NO1 Island 2,Northern Data Group,Norway,2.9222502400000003,2024-03-30,73105785.86519085,,,73105785.86519085,NVIDIA H100 SXM5 80GB,2048.0,,,2048.0,693400986768.3336,4.052992e+18,4.052992e+18,2.0262912e+18,1013145600000000000
Sesterce Synapse Phase 1,Sesterce,France,2.9222502400000003,2024-09-30,73123829.94457883,,,73123829.94457883,NVIDIA H200 SXM,2048.0,,,2048.0,693471069746.58,4.052992e+18,4.052992e+18,2.026496e+18,1012736000000000000
NVIDIA Israel-1 Phase 2,NVIDIA,Israel,2.9222502400000003,2024-11-20,78062110.53056912,,,78062110.53056912,NVIDIA H100 SXM5 80GB,2048.0,,,2048.0,693400986768.3336,4.052992e+18,4.052992e+18,2.0262912e+18,1013145600000000000
Northern Data Group Taiga Cloud Island 3,Northern Data Group,,2.9222502400000003,2024-03-30,73105785.86519085,,,73105785.86519085,NVIDIA H100 SXM5 80GB,2048.0,,,2048.0,693400986768.3336,4.052992e+18,4.052992e+18,2.0262912e+18,1013145600000000000
Northern Data Group Taiga Cloud NO1 Island 1,Northern Data Group,Norway,2.9222502400000003,2024-03-30,73105785.86519085,,,73105785.86519085,NVIDIA H100 SXM5 80GB,2048.0,,,2048.0,693400986768.3336,4.052992e+18,4.052992e+18,2.0262912e+18,1013145600000000000
Northern Data Group Njored Taiga Cloud Island 5,Northern Data Group,United Kingdom of Great Britain and Northern Ireland,2.9222502400000003,2024-03-30,73105785.86519085,,,73105785.86519085,NVIDIA H100 SXM5 80GB,2048.0,,,2048.0,693400986768.3336,4.052992e+18,4.052992e+18,2.0262912e+18,1013145600000000000
Horizon Compute Baobab Phase 2,Horizon Compute,United States of America,2.8700672000000003,2025-03-01,69027926.85064429,,,69027926.85064429,NVIDIA H100 SXM5 80GB,2048.0,,,2048.0,706008277436.8489,4.052992e+18,4.052992e+18,2.0262912e+18,1013145600000000000
SoftBank CHIE-2,Softbank,Japan,2.9108352,2024-10-31,77725269.47611627,,,77725269.47611627,NVIDIA H100 SXM5 80GB,2040.0,,,2040.0,693400986768.3336,4.03716e+18,4.03716e+18,2.018376e+18,1009188000000000000
SoftBank CHIE-3,Softbank,Japan,2.9108352,2024-10-31,77725269.47611627,,,77725269.47611627,NVIDIA H100 SXM5 80GB,2040.0,,,2040.0,693400986768.3336,4.03716e+18,4.03716e+18,2.018376e+18,1009188000000000000
Sakura's H100s Phase 1,Sakura Internet,Japan,2.87659008,2024-07-31,76577398.59470141,95164335.0,95993910.038326,95993910.038326,NVIDIA H100 SXM5 80GB,2016.0,,,2016.0,693400986768.3337,3.989664e+18,3.989664e+18,1.9946304e+18,997315200000000000
Reka H100 Rental,Reka AI,,2.90472,2023-12-15,87430027.48771307,,,87430027.48771307,NVIDIA H100 SXM5 80GB,2000.0,,,2000.0,681236057175.9069,3.958e+18,3.958e+18,1.9788e+18,989400000000000000
Quebec 2k H100 Cluster,,Canada,2.8028,2025-01-14,75313115.25,,,75313115.25,NVIDIA H100 SXM5 80GB,2000.0,,,2000.0,706008277436.8489,3.958e+18,3.958e+18,1.9788e+18,989400000000000000
Meta Research SuperCluster (RSC-1) Phase 1,Meta AI,United States of America,5.1787008,2022-01-24,139229565.53258756,,,139229565.53258756,NVIDIA A100,6080.0,,,6080.0,366300366300.36633,3.79392e+18,3.79392e+18,1.89696e+18,948480000000000000
CEA EXA1-HE Phase 2,French Alternative Energies and Atomic Energy Commission (CEA),France,2.0177,2024-04-17,87101089.19249564,,,87101089.19249564,NVIDIA GH200,1908.0,,,1908.0,935702036972.7908,3.775932e+18,3.775932e+18,1.887966e+18,943506000000000000
Tesla A100 Cluster Phase 1,Tesla,United States of America,4.9480704,2021-06-20,180974131.32281664,,,180974131.32281664,NVIDIA A100 SXM4 80 GB,5760.0,,,5760.0,363196125907.9904,3.59424e+18,3.59424e+18,1.79712e+18,898560000000000000
Gcore data center Phase 2,"Gcore,NHN Corporation",Korea (Republic of),1.9019,,23500245.76537037,,,23500245.76537037,NVIDIA H100 SXM5 80GB,500.0,NVIDIA GB200,500.0,1000.0,917345812082.654,3.4895e+18,3.4895e+18,1.7447e+18,872350000000000000
Oak Ridge NL Summit,US Department of Energy,United States of America,13.0,2018-06-08,596012918.3397415,200000000.0,218653393.6651584,218653393.6651584,NVIDIA Tesla V100 SXM2,27648.0,,,27648.0,265846153846.15384,3.456e+18,,3.456e+18,433244160000000000
Microsoft Azure Meta AI Rental,Microsoft,United States of America,4.599504,2022-05-27,121870051.90605606,,,121870051.90605606,NVIDIA A100,5400.0,,,5400.0,366300366300.3663,3.3696e+18,3.3696e+18,1.6848e+18,842400000000000000
Argonne NL Aurora,US Department of Energy,United States of America,60.0,2024-05-13,940144813.455289,500000000.0,503027173.7772633,503027173.7772633,Intel Data Center GPU Max 1550,63744.0,,,63744.0,55701632000.0,3.34209792e+18,,3.34209792e+18,3342097920000000000
Jean Zay Supercomputer Phase 4,GENCI,France,2.41672704,2024-09-15,63517846.74947293,,,63517846.74947293,NVIDIA H100 SXM5 80GB,1456.0,NVIDIA A100 SXM4 80 GB,416.0,3704.0,649787242832.3556,3.141008e+18,3.141008e+18,1.5703584e+18,785179200000000000
Nebius ISEG,Nebius AI,Finland,2.246,2023-11-01,50309245.90140562,,,50309245.90140562,NVIDIA H100 SXM5 80GB,1520.0,,,1520.0,669585040071.2378,3.00808e+18,3.00808e+18,1.503888e+18,751944000000000000
Sandia NL El Dorado,US Department of Energy,United States of America,1.8556,2024-11-18,62331530.08696258,,,62331530.08696258,AMD Instinct MI300A,1520.0,,,1520.0,803250700582.022,2.981024e+18,2.981024e+18,1.490512e+18,745256000000000000
HUMAIN Saudi Arabia/NVIDIA Phase 1,Humain,Saudi Arabia,50.45040000000001,,,,,,NVIDIA GB300 (Blackwell Ultra),18000.0,,,18000.0,891965177679.4633,2.97e+18,2.97e+18,4.5e+19,22500000000000000000
NVIDIA Selene Phase 2,NVIDIA,United States of America,4.7391,2020-11-30,121250566.08,,,121250566.08,NVIDIA A100,4480.0,,,4480.0,294942077609.6727,2.79552e+18,2.79552e+18,1.39776e+18,698880000000000000
Paper on Megatron-Turing,"Microsoft,NVIDIA",,3.8158848,2022-01-28,102590206.1819066,,,102590206.1819066,NVIDIA A100 SXM4 80 GB,4480.0,,,4480.0,366300366300.36633,2.79552e+18,2.79552e+18,1.39776e+18,698880000000000000
Meta 2017 V100 Cluster,Meta AI,United States of America,15.49548,2017-10-01,475980972.5809265,,,475980972.5809265,NVIDIA Tesla V100 SXM2,22000.0,,,22000.0,177471107703.66583,2.75e+18,,2.75e+18,344740000000000000
TensorWave MI300X Cluster 1 Phase 1,TensorWave,United States of America,1.5288000000000002,2024-04-01,27161808.75471603,,,27161808.75471603,AMD Instinct MI300X,1000.0,,,1000.0,855180533751.9622,2.6149e+18,2.6149e+18,1.3074e+18,653700000000000000
Paper on Falcon 180B,Amazon,,3.39935232,2023-11-28,80618433.04566652,,,80618433.04566652,NVIDIA A100,4096.0,,,4096.0,375939849624.0602,2.555904e+18,2.555904e+18,1.277952e+18,638976000000000000
Core42 SuperPOD,G42,United Arab Emirates,1.81499136,2024-10-30,48463991.55569602,,,48463991.55569602,NVIDIA H100 SXM5 80GB,1272.0,,,1272.0,693400986768.3336,2.517288e+18,2.517288e+18,1.2585168e+18,629258400000000000
Tesla Training Cluster,Tesla,United States of America,3.46364928,2021-08-20,137894792.57494116,,,137894792.57494116,NVIDIA A100,4032.0,,,4032.0,363196125907.9904,2.515968e+18,2.515968e+18,1.257984e+18,628992000000000000
AWS EC2 P4d,Amazon,United States of America,3.4944,2020-11-02,108448368.43979058,,,108448368.43979058,NVIDIA A100 SXM4 40 GB,4000.0,,,4000.0,357142857142.8571,2.496e+18,2.496e+18,1.248e+18,624000000000000000
Ezra-1 Stability AI AWS Cluster,Amazon,,3.40704,2022-07-20,90369258.41459444,,,90369258.41459444,NVIDIA A100,4000.0,,,4000.0,366300366300.3663,2.496e+18,2.496e+18,1.248e+18,624000000000000000
JUWELS-Booster,Julich Supercomputing Center,Germany,3.1598,2020-11-16,101507672.85964398,,,101507672.85964398,NVIDIA A100,3744.0,,,3744.0,369684157225.1408,2.336256e+18,2.336256e+18,1.168128e+18,584064000000000000
Huawei Pangu Ultra MoE 910Bs,,,4.8048,,,,,,Huawei Ascend 910B,6000.0,,,6000.0,469530469530.4696,2.256e+18,,2.256e+18,564000000000000000
Paper on AFM-server,Google,United States of America,5.677514752000001,2024-06-10,73409062.36942618,,,73409062.36942618,Google TPU v4,8192.0,,,8192.0,396793332717.7024,2.2528e+18,2.2528e+18,2.2528e+18,
JCAHPC Miyabi,Joint Center for Advanced High Performance Computing (JCAHPC),Japan,1.5695680000000003,2025-01-15,54654675.09599999,,,54654675.09599999,NVIDIA GH200,1120.0,,,1120.0,706079634651.0631,2.21648e+18,2.21648e+18,1.10824e+18,553840000000000000
Lawrence Livermore NL Sierra,US Department of Energy,United States of America,11.5,2018-06-01,340708604.2338461,125000000.0,136658371.04072398,136658371.04072398,NVIDIA V100,17280.0,,,17280.0,187826086956.52173,2.16e+18,,2.16e+18,270777600000000000
Ubilink.AI Supercomputer,Ubilink AI,Taiwan,1.7823,2024-11-18,39031055.26528456,,,39031055.26528456,NVIDIA H100 SXM5 80GB,1024.0,,,1024.0,568448409358.6938,2.026496e+18,2.026496e+18,1.0131456e+18,506572800000000000
LeptonAI H100 Cluster,Lepton AI,United States of America,1.4611251200000002,2024-08-20,38941979.02439725,,,38941979.02439725,NVIDIA H100 SXM5 80GB,1024.0,,,1024.0,693400986768.3336,2.026496e+18,2.026496e+18,1.0131456e+18,506572800000000000
IBM Blue Vela,IBM,United States of America,1.4611251200000002,2024-07-07,36491596.85724732,,,36491596.85724732,NVIDIA H100 SXM5 80GB,1024.0,,,1024.0,693400986768.3336,2.026496e+18,2.026496e+18,1.0131456e+18,506572800000000000
SIAM AI HGX,SIAM AI,Thailand,1.4611251200000002,2024-09-12,38941979.02439725,,,38941979.02439725,NVIDIA H100 SXM5 80GB,1024.0,,,1024.0,693400986768.3336,2.026496e+18,2.026496e+18,1.0131456e+18,506572800000000000
Horizon Compute Baobab Phase 1,Horizon Compute,United States of America,1.4611251200000002,2024-02-15,44580651.409562655,,,44580651.409562655,NVIDIA H100 SXM5 80GB,1024.0,,,1024.0,693400986768.3336,2.026496e+18,2.026496e+18,1.0131456e+18,506572800000000000
Paper on Mamba 2 Hybrid,NVIDIA,,1.4611251200000002,2024-06-12,36558392.18097217,,,36558392.18097217,NVIDIA H100 SXM5 80GB,1024.0,,,1024.0,693400986768.3336,2.026496e+18,2.026496e+18,1.0131456e+18,506572800000000000
NVIDIA Helios,NVIDIA,,1.48721664,2023-11-15,47268443.53218431,,,47268443.53218431,NVIDIA GH200,1024.0,,,1024.0,681304910628.219,2.026496e+18,2.026496e+18,1.013248e+18,506368000000000000
Chan Zuckerberg Initiative GPU Cluster,"CZ Biohub Network,CoreWeave",United States of America,1.4350336,2025-01-15,38560315.008,,,38560315.008,NVIDIA H100 SXM5 80GB,1024.0,,,1024.0,706008277436.8489,2.026496e+18,2.026496e+18,1.0131456e+18,506572800000000000
GreenNode Bangkok Cluster,VNG Corporation,Thailand,1.4611251200000002,2024-06-25,36491596.85724732,,,36491596.85724732,NVIDIA H100 SXM5 80GB,1024.0,,,1024.0,693400986768.3336,2.026496e+18,2.026496e+18,1.0131456e+18,506572800000000000
Neevcloud cluster 1,NeevCloud,India,1.4611251200000002,2024-04-29,36425955.19699726,,,36425955.19699726,NVIDIA H100 SXM5 80GB,1024.0,,,1024.0,693400986768.3336,2.026496e+18,2.026496e+18,1.0131456e+18,506572800000000000
NVIDIA Eos Phase 1,NVIDIA,United States of America,1.48721664,2023-05-22,48736713.50979148,,,48736713.50979148,NVIDIA H100 SXM5 80GB,1024.0,,,1024.0,681236057175.9069,2.026496e+18,2.026496e+18,1.0131456e+18,506572800000000000
Ori Global Cloud H100 Cluster,Ori Industries,,1.4611251200000002,2024-10-16,38937096.507405296,,,38937096.507405296,NVIDIA H100 SXM5 80GB,1024.0,,,1024.0,693400986768.3336,2.026496e+18,2.026496e+18,1.0131456e+18,506572800000000000
Sustainable Metal Cloud Singapore Phase 1,SMC - Sustainable Metal Cloud,Singapore,1.4611251200000002,2024-05-30,36558392.18097217,,,36558392.18097217,NVIDIA H100 SXM5 80GB,1024.0,,,1024.0,693400986768.3336,2.026496e+18,2.026496e+18,1.0131456e+18,506572800000000000
Denvr Dataworks H100,Denvr Dataworks,United States of America,1.4611251200000002,2024-10-15,38937096.507405296,,,38937096.507405296,NVIDIA H100 SXM5 80GB,1024.0,,,1024.0,693400986768.3336,2.026496e+18,2.026496e+18,1.0131456e+18,506572800000000000
NVIDIA Israel-1 Phase 1,NVIDIA,Israel,1.48721664,2023-11-23,33813671.09865381,,,33813671.09865381,NVIDIA H100 SXM5 80GB,1024.0,,,1024.0,681236057175.9069,2.026496e+18,2.026496e+18,1.0131456e+18,506572800000000000
Scaleway Nabuchodonosor,Iliad SA,France,1.47559776,2023-10-05,33695574.7381492,,,33695574.7381492,NVIDIA H100 SXM5 80GB,1016.0,,,1016.0,681236057175.9069,2.010664e+18,2.010664e+18,1.0052304e+18,502615200000000000
Hut 8 H100 Cluster,Hut 8,United States of America,1.42688,2024-09-26,38024508.30801299,,,38024508.30801299,NVIDIA H100 SXM5 80GB,1000.0,,,1000.0,693400986768.3336,1.979e+18,1.979e+18,9.894e+17,494700000000000000
Voltage Park Texas Phase 1,Voltage Park,United States of America,1.42688,2024-02-27,35810188.63318463,,,35810188.63318463,NVIDIA H100 SXM5 80GB,1000.0,,,1000.0,693400986768.3336,1.979e+18,1.979e+18,9.894e+17,494700000000000000
NHN Cloud's National AI Data Center,NHN Corporation,Korea (Republic of),1.45236,2023-11-01,33098188.093030013,,,33098188.093030013,NVIDIA H100 SXM5 80GB,1000.0,,,1000.0,681236057175.9069,1.979e+18,1.979e+18,9.894e+17,494700000000000000
Paper on Chameleon,Meta AI,,2.50478592,2024-05-16,59935114.385067165,,,59935114.385067165,NVIDIA A100,3072.0,,,3072.0,382653061224.48975,1.916928e+18,1.916928e+18,9.58464e+17,479232000000000000
TSUBAME4.0,Tokyo Institute of Technology,Japan,1.3638,2024-04-01,34268337.12430821,,,34268337.12430821,NVIDIA H100 SXM5 80GB,960.0,,,960.0,696454025516.938,1.89984e+18,1.89984e+18,9.49824e+17,474912000000000000
Paper on AFM-on-device,Google,,2.2543073280000003,2024-06-10,13097617.677388923,,,13097617.677388923,Google TPU v5p,2048.0,,,2048.0,416993720565.1491,1.880064e+18,1.880064e+18,9.40032e+17,
Intel Stability Gaudi 2,Intel,United States of America,4.89216,2024-03-11,34422689.45810412,,,34422689.45810412,Intel Habana Gaudi2,4000.0,,,4000.0,367935635792.7786,1.8e+18,,1.8e+18,
IBM Vela,IBM,United States of America,2.4530688,2022-05-30,64997361.01656324,,,64997361.01656324,NVIDIA A100 SXM4 80 GB,2880.0,,,2880.0,366300366300.36633,1.79712e+18,1.79712e+18,8.9856e+17,449280000000000000
Paper on PaLM,Google,United States of America,4.448231423999999,2022-04-05,56257230.64621294,,,56257230.64621294,Google TPU v4,6144.0,,,6144.0,379836352687.0314,1.6896e+18,1.6896e+18,1.6896e+18,
Microsoft Ares/Maia,Microsoft,United States of America,2.1245952,2023-11-15,,,,,Maia 100 (M100),2048.0,,,2048.0,771158665895.508,1.6384e+18,,1.6384e+18,
Iris Energy Prince George cluster,IREN,Canada,1.1643340800000002,2024-04-30,29026933.047607195,,,29026933.047607195,NVIDIA H100 SXM5 80GB,816.0,,,816.0,693400986768.3336,1.614864e+18,1.614864e+18,8.073504e+17,403675200000000000
NVIDIA Selene Phase 1,NVIDIA,United States of America,2.4075,2020-06-22,61625087.03642732,,,61625087.03642732,NVIDIA A100,2240.0,,,2240.0,290292834890.96576,1.39776e+18,1.39776e+18,6.9888e+17,349440000000000000
NAVER Corp Sejong,NAVER,Korea (Republic of),1.8590208,2023-11-15,44191045.38038602,,,44191045.38038602,NVIDIA A100,2240.0,,,2240.0,375939849624.0602,1.39776e+18,1.39776e+18,6.9888e+17,349440000000000000
Argonne NL Polaris,US Department of Energy,United States of America,1.9242496,2021-11-01,76476747.43904659,,,76476747.43904659,NVIDIA A100,2240.0,,,2240.0,363196125907.9904,1.39776e+18,1.39776e+18,6.9888e+17,349440000000000000
Microsoft Azure Voyager-EUS2,Microsoft,United States of America,1.81429248,2021-11-01,72106647.58538677,,,72106647.58538677,NVIDIA A100,2112.0,,,2112.0,363196125907.9903,1.317888e+18,1.317888e+18,6.58944e+17,329472000000000000
Paper on LLaMA,Meta AI,,1.69967616,2023-02-27,45851025.559974864,,,45851025.559974864,NVIDIA A100 SXM4 80 GB,2048.0,,,2048.0,375939849624.0602,1.277952e+18,1.277952e+18,6.38976e+17,319488000000000000
Softbank SuperPOD,Softbank,Japan,1.69967616,2023-09-30,40484720.946194254,,,40484720.946194254,NVIDIA A100,2048.0,,,2048.0,375939849624.0602,1.277952e+18,1.277952e+18,6.38976e+17,319488000000000000
Petrobras Pegasus (Pégaso),Petrobras,Brazil,1.8039,2022-11-01,45553132.31061671,,,45553132.31061671,NVIDIA A100,2016.0,,,2016.0,348684516880.09314,1.257984e+18,1.257984e+18,6.28992e+17,314496000000000000
Azure OpenAI GPT-3 Cluster,"Microsoft,OpenAI",United States of America,6.552,2020-04-15,191957806.98237887,,,191957806.98237887,NVIDIA V100,10000.0,,,10000.0,190781440781.4408,1.25e+18,,1.25e+18,156700000000000000
ND A100 v4,Microsoft,United States of America,1.71808,2021-06-01,53988631.725456126,,,53988631.725456126,NVIDIA A100,2000.0,,,2000.0,363196125907.9903,1.248e+18,1.248e+18,6.24e+17,312000000000000000
ExxonMobil Discovery 5,ExxonMobil,United States of America,1.6834,2022-11-01,44379774.37352165,,,44379774.37352165,NVIDIA A100 SXM4 40 GB,2000.0,,,2000.0,370678388974.6941,1.248e+18,1.248e+18,6.24e+17,312000000000000000
Corvex B200s,Corvex.ai,United States of America,0.5125120000000001,,,,,,NVIDIA B200,256.0,,,256.0,1123876123876.1238,1.152e+18,1.152e+18,5.76e+17,288000000000000000
Paper on Gemma 2 9B,Google,United States of America,2.8387573760000007,2024-06-27,36637468.85247168,,,36637468.85247168,Google TPU v4,4096.0,,,4096.0,396793332717.7024,1.1264e+18,1.1264e+18,1.1264e+18,
Google TPU v4 Pod,Google,United States of America,2.990833664,2021-05-19,38153578.87978986,,,38153578.87978986,Google TPU v4,4096.0,,,4096.0,376617400545.61584,1.1264e+18,1.1264e+18,1.1264e+18,
NVIDIA Taipei-1,NVIDIA,Taiwan,0.8871116800000001,2024-06-01,18279196.090486083,,,18279196.090486083,NVIDIA H100 SXM5 80GB,512.0,NVIDIA L40,256.0,768.0,623268538184.5045,1.10592e+18,1.10592e+18,5.529088e+17,276459520000000000
Samsung SSC-21,Samsung,Korea (Republic of),1.5119104,2021-11-01,60088872.98782232,,,60088872.98782232,NVIDIA A100,1760.0,,,1760.0,363196125907.9904,1.09824e+18,1.09824e+18,5.4912e+17,274560000000000000
Tesla Auto-Labeling Cluster,Tesla,United States of America,1.5050380799999998,2021-08-20,59918570.58315896,,,59918570.58315896,NVIDIA A100,1752.0,,,1752.0,363196125907.9904,1.093248e+18,1.093248e+18,5.46624e+17,273312000000000000
Tesla Dojo 1 Phase 1,Tesla,United States of America,2.4024,,,,,,Tesla D1 Dojo,3000.0,,,3000.0,452047952047.952,1.086e+18,,1.086e+18,67800000000000000
DeepL Mercury,DeepL,Sweden,0.79008384,2023-08-02,19573215.020004388,,,19573215.020004388,NVIDIA H100 SXM5 80GB,544.0,,,544.0,681236057175.9069,1.076576e+18,1.076576e+18,5.382336e+17,269116800000000000
Paper on AlphaCode,Google,United States of America,2.714985,2022-02-08,34919722.83217412,,,34919722.83217412,Google TPU v4,3750.0,,,3750.0,379836352687.0314,1.03125e+18,1.03125e+18,1.03125e+18,
Paper on Phi-3.5-Mini,Microsoft,,0.7305625600000001,2024-04-22,18212977.59849863,,,18212977.59849863,NVIDIA H100 SXM5 80GB,512.0,,,512.0,693400986768.3336,1.013248e+18,1.013248e+18,5.065728e+17,253286400000000000
Lawrence Livermore NL El Capitan Phase 1,US Department of Energy,United States of America,0.793182208,2024-06-01,20944115.35794477,,,20944115.35794477,AMD Instinct MI300A,512.0,,,512.0,632978393786.6644,1.0041344e+18,1.0041344e+18,5.020672e+17,251033600000000000
Lawrence Livermore NL RZAdams,US Department of Energy,United States of America,0.793182208,2024-06-01,20944115.35794477,,,20944115.35794477,AMD Instinct MI300A,512.0,,,512.0,632978393786.6644,1.0041344e+18,1.0041344e+18,5.020672e+17,251033600000000000
Ahrefs Yep1,Ahrefs,United States of America,0.71914752,2024-06-01,17993583.65157224,,,17993583.65157224,NVIDIA H100 SXM5 80GB,504.0,,,504.0,693400986768.3337,9.97416e+17,9.97416e+17,4.986576e+17,249328800000000000
Recursion BioHive-2,Recursion Pharmaceuticals,United States of America,0.71914752,2024-05-13,17928399.82352209,,,17928399.82352209,NVIDIA H100 SXM5 80GB,504.0,,,504.0,693400986768.3337,9.97416e+17,9.97416e+17,4.986576e+17,249328800000000000
Yandex Chervonenkis,Yandex,Russia,1.36759168,2021-11-01,65354449.21430119,,,65354449.21430119,NVIDIA A100 SXM4 80 GB,1592.0,,,1592.0,363196125907.9904,9.93408e+17,9.93408e+17,4.96704e+17,248352000000000000
BNY Mellon Supercomputer,BNY Mellon,,0.7134400000000001,2024-03-18,17843147.256982166,,,17843147.256982166,NVIDIA H100 SXM5 80GB,500.0,,,500.0,693400986768.3336,9.895e+17,9.895e+17,4.947e+17,247350000000000000
Saudi Aramco Dammam-7,Saudi Aramco,Saudi Arabia,5.09754336,2021-01-21,164171823.0132,,,164171823.0132,NVIDIA Tesla V100 SXM2,7912.0,,,7912.0,194015024523.4991,9.89e+17,,9.89e+17,123981040000000000
Condor Galaxy 3 (CG-3),"G42,Cerebras Systems",United States of America,,,258201600.0,,,258201600.0,Cerebras CS-3,64.0,,,64.0,,9.6e+17,,9.6e+17,
AGH Cyfronet Helios,AGH University of Krakow,Poland,0.5297,2024-06-01,21016071.51807316,,,21016071.51807316,NVIDIA GH200,440.0,NVIDIA H100 SXM5 80GB,24.0,464.0,866765338871.0591,9.18256e+17,9.18256e+17,4.591256e+17,229452800000000000
Eni HPC5,Eni,Italy,4.0337,2020-02-21,139622268.26883802,,,139622268.26883802,NVIDIA V100,7280.0,,,7280.0,225599325681.13644,9.1e+17,,9.1e+17,114077600000000000
CSIRO Virga,CSIRO,Australia,0.6392422400000001,2024-07-11,15965073.625045698,10850000.0,10935360.369755471,10935360.369755471,NVIDIA H100 SXM5 80GB,448.0,,,448.0,693400986768.3336,8.86592e+17,8.86592e+17,4.432512e+17,221625600000000000
SURF Snellius Phase 3,SURF,Netherlands,0.7370854400000001,2024-07-11,18173029.00390342,,,18173029.00390342,NVIDIA H100 SXM5 80GB,352.0,NVIDIA A100 SXM4 80 GB,288.0,640.0,594401647657.0205,8.7632e+17,8.7632e+17,4.381248e+17,219062400000000000
Saudi Aramco Tuwaiq-1,Saudi Aramco,Saudi Arabia,0.5935820800000001,2024-06-01,14851846.823519949,,,14851846.823519949,NVIDIA H100 SXM5 80GB,416.0,,,416.0,693400986768.3336,8.23264e+17,8.23264e+17,4.115904e+17,205795200000000000
Microsoft Azure Pioneer-WUS2,Microsoft,United States of America,1.12706048,2021-06-01,35416542.41189921,,,35416542.41189921,NVIDIA A100,1312.0,,,1312.0,363196125907.9903,8.18688e+17,8.18688e+17,4.09344e+17,204672000000000000
Microsoft Azure Pioneer-WEU,Microsoft,Netherlands,1.12706048,2021-06-01,35416542.41189921,,,35416542.41189921,NVIDIA A100,1312.0,,,1312.0,363196125907.9903,8.18688e+17,8.18688e+17,4.09344e+17,204672000000000000
Microsoft Azure Pioneer-EUS,Microsoft,United States of America,1.12706048,2021-06-01,35416542.41189921,,,35416542.41189921,NVIDIA A100,1312.0,,,1312.0,363196125907.9903,8.18688e+17,8.18688e+17,4.09344e+17,204672000000000000
Microsoft Azure Pioneer-SCUS,Microsoft,United States of America,1.12706048,2021-06-01,35416542.41189921,,,35416542.41189921,NVIDIA A100,1312.0,,,1312.0,363196125907.9903,8.18688e+17,8.18688e+17,4.09344e+17,204672000000000000
Princeton Della Phase 2,Princeton University,United States of America,0.6800102400000001,2024-03-15,16807979.653981995,,,16807979.653981995,NVIDIA H100 SXM5 80GB,296.0,NVIDIA A100 SXM4 80 GB,316.0,612.0,575659566538.292,7.82968e+17,7.82968e+17,3.914544e+17,195727200000000000
Core42 AI-03,G42,United Arab Emirates,,2025-06-15,,,,,AMD Instinct MI210,4320.0,,,4320.0,,7.8192e+17,,7.8192e+17,
Microsoft Explorer-WUS3,Microsoft,United States of America,1.991808,2023-06-01,48843651.94102182,,,48843651.94102182,AMD Radeon Instinct MI250X,1920.0,,,1920.0,369192211297.4745,7.3536e+17,7.3536e+17,7.3536e+17,183744000000000000
Naver DGX Superpod,NAVER,Korea (Republic of),0.978432,2020-10-05,30365543.16314136,,,30365543.16314136,NVIDIA A100,1120.0,,,1120.0,357142857142.8571,6.9888e+17,6.9888e+17,3.4944e+17,174720000000000000
University of Florida HiPerGator 3.0 Superpod,University of Florida,United States of America,1.0261,2021-01-31,30312641.52,,,30312641.52,NVIDIA A100,1120.0,,,1120.0,340551603157.587,6.9888e+17,6.9888e+17,3.4944e+17,174720000000000000
PCSS Poznan Proxima,Polish Academy of Sciences,Poland,0.49655424,2024-06-01,12424141.09275226,,,12424141.09275226,NVIDIA H100 SXM5 80GB,348.0,,,348.0,693400986768.3336,6.88692e+17,6.88692e+17,3.443112e+17,172155600000000000
Yandex Lyapunov,Yandex,Russia,0.94150784,2021-11-01,29515251.556722,,,29515251.556722,NVIDIA A100 SXM4 40 GB,1096.0,,,1096.0,363196125907.9904,6.83904e+17,6.83904e+17,3.41952e+17,170976000000000000
Yandex Galushkin,Yandex,Russia,0.93463552,2021-11-01,44664347.20173348,,,44664347.20173348,NVIDIA A100 SXM4 80 GB,1088.0,,,1088.0,363196125907.9904,6.78912e+17,6.78912e+17,3.39456e+17,169728000000000000
NVIDIA SATURN V Phase 2,NVIDIA,United States of America,3.6324288,2018-03-26,104199705.225,,,104199705.225,NVIDIA V100,5280.0,,,5280.0,181696610268.03885,6.6e+17,,6.6e+17,82737600000000000
SK Telecom Titan Phase 2,SK Telecom,Korea (Republic of),0.8631167999999999,2023-02-14,23330676.095516853,,,23330676.095516853,NVIDIA A100,1040.0,,,1040.0,375939849624.0602,6.4896e+17,6.4896e+17,3.2448e+17,162240000000000000
Nemotron-3-8B training cluster,NVIDIA,,0.8349286400000001,2024-04-04,20047992.401498884,,,20047992.401498884,NVIDIA A100,1024.0,,,1024.0,382653061224.48975,6.38976e+17,6.38976e+17,3.19488e+17,159744000000000000
Paper on HyperCLOVA,NAVER,Korea (Republic of),0.8796569599999999,2021-09-10,35020899.70157236,,,35020899.70157236,NVIDIA A100,1024.0,,,1024.0,363196125907.9904,6.38976e+17,6.38976e+17,3.19488e+17,159744000000000000
Gcore data center Phase 1,"Gcore,NHN Corporation",Korea (Republic of),0.4566016,2024-04-15,11422779.041436069,,,11422779.041436069,NVIDIA H100 SXM5 80GB,320.0,,,320.0,693400986768.3336,6.3328e+17,6.3328e+17,3.16608e+17,158304000000000000
Paper on OPT,Meta AI,,0.8449459199999999,2022-05-02,22320916.847170062,,,22320916.847170062,NVIDIA A100 SXM4 80 GB,992.0,,,992.0,366300366300.36633,6.19008e+17,6.19008e+17,3.09504e+17,154752000000000000
Wroclaw Centre for Networking and Supercomputing Lem,Wroclaw Tech (Wrocław University of Science and Technology),Poland,0.43377152,2024-06-01,10853272.678726114,,,10853272.678726114,NVIDIA H100 SXM5 80GB,304.0,,,304.0,693400986768.3336,6.01616e+17,6.01616e+17,3.007776e+17,150388800000000000
AIST ABCI 2.0,National Institute of Advanced Industrial Science and Technology (AIST),Japan,2.8185,2021-05-30,115981977.91473988,,,115981977.91473988,NVIDIA A100 SXM4 40 GB,960.0,NVIDIA Tesla V100 SXM2,4352.0,5312.0,299279758736.9168,5.9904e+17,5.9904e+17,8.4352e+17,217955840000000000
NEC Corp Japan Supercomputer,NEC Corporation,Japan,0.7701657599999999,2023-07-24,20652087.22045344,,,20652087.22045344,NVIDIA A100 SXM4 80 GB,928.0,,,928.0,375939849624.0602,5.79072e+17,5.79072e+17,2.89536e+17,144768000000000000
Paper on CoCa,Google,United States of America,1.482743808,2022-05-04,18738807.132278845,,,18738807.132278845,Google TPU v4,2048.0,,,2048.0,379836352687.0314,5.632e+17,5.632e+17,5.632e+17,
AIST ABCI 1.0,National Institute of Advanced Industrial Science and Technology (AIST),Japan,2.99400192,2018-06-01,93816848.25718153,162000000.0,177109248.86877826,177109248.86877826,NVIDIA Tesla V100 SXM2,4352.0,,,4352.0,181696610268.03885,5.44e+17,,5.44e+17,68195840000000000
GENCI Adastra,GENCI,France,1.6092,2022-06-01,34758841.57027074,,,34758841.57027074,AMD Radeon Instinct MI250X,1352.0,,,1352.0,321784737757.8921,5.17816e+17,5.17816e+17,5.17816e+17,129386400000000000
MPT-30B training cluster,MosaicML,,0.37180416,2023-06-20,9220185.836846774,,,9220185.836846774,NVIDIA H100 SXM5 80GB,256.0,,,256.0,681236057175.9069,5.06624e+17,5.06624e+17,2.532864e+17,126643200000000000
Paper on Falcon Mamba 7B,Technology Innovation Institute,,0.36528128,2024-07-24,9130592.913654234,,,9130592.913654234,NVIDIA H100 SXM5 80GB,256.0,,,256.0,693400986768.3336,5.06624e+17,5.06624e+17,2.532864e+17,126643200000000000
MITRE Federal AI Sandbox,MITRE,United States of America,0.3587584,,12032125.831869628,,,12032125.831869628,NVIDIA H100 SXM5 80GB,256.0,,,256.0,706008277436.8489,5.06624e+17,5.06624e+17,2.532864e+17,126643200000000000
Google MLPerf 0.7 Submission,Google,United States of America,4.0255488,2020-07-29,39128671.257303536,,,39128671.257303536,Google TPU v3,4096.0,,,4096.0,125152625152.62514,5.03808e+17,,5.03808e+17,
Paper on Gopher,Google DeepMind,United States of America,3.95845632,2021-12-08,38807760.92656464,,,38807760.92656464,Google TPU v3,4096.0,,,4096.0,127273856087.41542,5.03808e+17,,5.03808e+17,
Paper on YaLM,Yandex,,0.681408,2022-06-23,18062089.084416587,,,18062089.084416587,NVIDIA A100,800.0,,,800.0,366300366300.3663,4.992e+17,4.992e+17,2.496e+17,124800000000000000
EuroHPC MeluXina,EuroHPC JU,Luxembourg,0.6873,2021-06-07,21595452.69018245,35770200.0,37543482.02606429,37543482.02606429,NVIDIA A100,800.0,,,800.0,363160192055.8708,4.992e+17,4.992e+17,2.496e+17,124800000000000000
KT SuperPOD,KT,Korea (Republic of),0.6572966399999999,2023-06-01,17686696.136917263,,,17686696.136917263,NVIDIA A100,792.0,,,792.0,375939849624.0602,4.94208e+17,4.94208e+17,2.47104e+17,123552000000000000
SberCloud Christofari Neo,SberCloud,Russia,0.6803596799999999,2021-11-01,32513017.44832069,,,32513017.44832069,NVIDIA A100 SXM4 80 GB,792.0,,,792.0,363196125907.9904,4.94208e+17,4.94208e+17,2.47104e+17,123552000000000000
Cineca Marconi-100,Cineca,Italy,2.6436,2020-04-20,75928622.78444445,,,75928622.78444445,NVIDIA V100,3952.0,,,3952.0,186866394310.7884,4.94e+17,,4.94e+17,61927840000000000
Opera Iceland KEF-1 SuperPOD,Opera,Iceland,0.35386624,2024-02-28,8880926.781029787,,,8880926.781029787,NVIDIA H100 SXM5 80GB,248.0,,,248.0,693400986768.3336,4.90792e+17,4.90792e+17,2.453712e+17,122685600000000000
Fastweb NeXXt AI Factory,Fastweb,Italy,0.35386624,2024-07-09,8837808.613864584,,,8837808.613864584,NVIDIA H100 SXM5 80GB,248.0,,,248.0,693400986768.3336,4.90792e+17,4.90792e+17,2.453712e+17,122685600000000000
Condor Galaxy 9 (CG-9),"G42,Cerebras Systems",,,,221766010.2057613,,,221766010.2057613,Cerebras CS-2,64.0,,,64.0,,4.8e+17,,4.8e+17,
Condor Galaxy 8 (CG-8),"G42,Cerebras Systems",,,,221766010.2057613,,,221766010.2057613,Cerebras CS-2,64.0,,,64.0,,4.8e+17,,4.8e+17,
Condor Galaxy 1 (CG-1),"G42,Cerebras Systems",United States of America,,2023-11-13,223267457.52627325,,,223267457.52627325,Cerebras CS-2,64.0,,,64.0,,4.8e+17,,4.8e+17,
Condor Galaxy 5 (CG-5),"G42,Cerebras Systems",,,,221766010.2057613,,,221766010.2057613,Cerebras CS-2,64.0,,,64.0,,4.8e+17,,4.8e+17,
Condor Galaxy 7 (CG-7),"G42,Cerebras Systems",,,,221766010.2057613,,,221766010.2057613,Cerebras CS-2,64.0,,,64.0,,4.8e+17,,4.8e+17,
Condor Galaxy 4 (CG-4),"G42,Cerebras Systems",,,,221766010.2057613,,,221766010.2057613,Cerebras CS-2,64.0,,,64.0,,4.8e+17,,4.8e+17,
Condor Galaxy 6 (CG-6),"G42,Cerebras Systems",,,,221766010.2057613,,,221766010.2057613,Cerebras CS-2,64.0,,,64.0,,4.8e+17,,4.8e+17,
FZJ JURECA,Julich Supercomputing Center,Germany,0.6765,2021-06-23,20682757.865464754,,,20682757.865464754,NVIDIA A100 SXM4 40 GB,768.0,,,768.0,354199556541.02,4.79232e+17,4.79232e+17,2.39616e+17,119808000000000000
Paper on GLM-130B,Z.ai (Zhipu AI),,0.6541516799999999,2022-10-05,17354466.596410636,,,17354466.596410636,NVIDIA A100,768.0,,,768.0,366300366300.36633,4.79232e+17,4.79232e+17,2.39616e+17,119808000000000000
Max-Planck-Gesellschaft Raven,Max Planck Society,Germany,0.664,2021-06-01,20731634.58257515,,,20731634.58257515,NVIDIA A100,768.0,,,768.0,360867469879.51807,4.79232e+17,4.79232e+17,2.39616e+17,119808000000000000
Paper on xTrimoPGLM,BioMap Research,,0.6373785599999999,2023-07-06,17108567.052815683,,,17108567.052815683,NVIDIA A100,768.0,,,768.0,375939849624.0602,4.79232e+17,4.79232e+17,2.39616e+17,119808000000000000
NSC Berzelius Phase 2,Linköping University,Sweden,0.62409984,2023-06-01,16793428.655254778,,,16793428.655254778,NVIDIA A100 SXM4 80 GB,752.0,,,752.0,375939849624.0602,4.69248e+17,4.69248e+17,2.34624e+17,117312000000000000
Karlsruher Institut für Technologie HoreKa,Karlsruhe Institute of Technology,Germany,0.6319,2021-06-01,19975793.738418765,,,19975793.738418765,NVIDIA A100,740.0,,,740.0,365374268080.39246,4.6176e+17,4.6176e+17,2.3088e+17,115440000000000000
Paper on AlphaZero,Google,United States of America,0.880425,2017-12-05,51389012.90928065,,,51389012.90928065,Google TPU v1,5000.0,,,5000.0,,4.6e+17,4.6e+17,,
KT Internal MI250 Cluster,KT,Korea (Republic of),1.27764,2022-12-15,30794896.330490954,,,30794896.330490954,AMD Radeon Instinct MI250X,1200.0,,,1200.0,359725744341.12897,4.596e+17,4.596e+17,4.596e+17,114840000000000000
Petrobras Gaia,Petrobras,Brazil,0.9767,2023-06-01,15721507.677259792,,,15721507.677259792,NVIDIA A100,704.0,,,704.0,224887887785.3998,4.39296e+17,4.39296e+17,2.19648e+17,109824000000000000
NSTDA Supercomputer Center (ThaiSC) LANTA,National Science and Technology Development Agency (NSTDA),Thailand,0.5421,2022-11-01,15907443.029104248,,,15907443.029104248,NVIDIA A100,704.0,,,704.0,405179856115.1079,4.39296e+17,4.39296e+17,2.19648e+17,109824000000000000
TotalEnergies Pangea III,TotalEnergies,France,2.4892,2019-06-18,66661774.26493671,,,66661774.26493671,NVIDIA V100,3384.0,,,3384.0,169934115378.43484,4.23e+17,,4.23e+17,53027280000000000
Paper on Flamingo ,Google,United States of America,1.1120578559999998,2022-04-29,14054105.349209135,,,14054105.349209135,Google TPU v4,1536.0,,,1536.0,379836352687.0314,4.224e+17,4.224e+17,4.224e+17,
University of Illinois NCSA Delta,University of Illinois Urbana-Champaign (UIUC),United States of America,0.6643728,2022-10-11,14995688.717814624,10000000.0,10353794.202848868,10353794.202848868,NVIDIA A100,480.0,NVIDIA A40 PCIe,400.0,880.0,315545729746.9132,4.1924e+17,4.1924e+17,2.0964e+17,104800000000000000
AIRAWAT-PSAI Phase 2,Center for Development of Advanced Computing (C-DAC),India,0.5444275199999999,2023-05-23,14649586.699264806,,,14649586.699264806,NVIDIA A100,656.0,,,656.0,375939849624.0602,4.09344e+17,4.09344e+17,2.04672e+17,102336000000000000
NVIDIA Cambridge-1,NVIDIA,United Kingdom of Great Britain and Northern Ireland,0.5497856,2021-06-01,17276362.152145956,51700000.0,54262990.443092965,54262990.443092965,NVIDIA A100,640.0,,,640.0,363196125907.9904,3.9936e+17,3.9936e+17,1.9968e+17,99840000000000000
Calcul Québec Narval,Compute Canada,Canada,0.548,2021-11-01,21713933.64787216,,,21713933.64787216,NVIDIA A100,636.0,,,636.0,362102189781.0219,3.96864e+17,3.96864e+17,1.98432e+17,99216000000000000
Lawrence Livermore NL Lassen Phase 2,US Department of Energy,United States of America,2.0756736,2020-08-19,62708285.23869111,,,62708285.23869111,NVIDIA V100,3168.0,Cerebras CS-1,1.0,3169.0,190781440781.4408,3.96e+17,,3.96e+17,49642560000000000
hessian.AI fortytwo,hessian.AI,Germany,0.52450944,2023-06-15,14113626.210267317,15490930.0,15850702.073282288,15850702.073282288,NVIDIA A100,632.0,,,632.0,375939849624.0602,3.94368e+17,3.94368e+17,1.97184e+17,98592000000000000
Japanese Research Institute 2 Supercomputer 1,,Japan,0.53149824,2022-06-01,14082761.5535887,,,14082761.5535887,NVIDIA A100,624.0,,,624.0,366300366300.36633,3.89376e+17,3.89376e+17,1.94688e+17,97344000000000000
EuroHPC Karolina,EuroHPC JU,Czechia,0.5477,2021-06-01,15548725.936931362,17557684.0,18428093.599513467,18428093.599513467,NVIDIA A100,576.0,,,576.0,328121234252.32794,3.59424e+17,3.59424e+17,1.79712e+17,89856000000000000
Lawrence Livermore NL Lassen Phase 1,US Department of Energy,United States of America,1.88225856,2018-11-01,54388512.36229927,,,54388512.36229927,NVIDIA V100,2736.0,,,2736.0,181696610268.03885,3.42e+17,,3.42e+17,42873120000000000
Jean Zay Supercomputer Phase 2,GENCI,France,1.7664192,2020-06-01,56284456.09864049,,,56284456.09864049,NVIDIA Tesla V100 SXM2,2696.0,,,2696.0,190781440781.4408,3.37e+17,,3.37e+17,42246320000000000
Oracle 2020 A100 Cluster,Oracle,United States of America,0.4472832,2020-09-30,13881391.160293194,,,13881391.160293194,NVIDIA A100,512.0,,,512.0,357142857142.8571,3.19488e+17,3.19488e+17,1.59744e+17,79872000000000000
Paper on CodeFuse,Ant Group,,0.4249190399999999,2023-10-10,10121180.236548563,,,10121180.236548563,NVIDIA A100,512.0,,,512.0,375939849624.0602,3.19488e+17,3.19488e+17,1.59744e+17,79872000000000000
Los Alamos NL Chicoma,US Department of Energy,United States of America,0.4398284799999999,2021-12-20,17533893.938290603,,,17533893.938290603,NVIDIA A100,512.0,,,512.0,363196125907.9904,3.19488e+17,3.19488e+17,1.59744e+17,79872000000000000
Paper on BloombergGPT,Bloomberg,,0.4249190399999999,2023-03-30,11466651.113806635,,,11466651.113806635,NVIDIA A100,512.0,,,512.0,375939849624.0602,3.19488e+17,3.19488e+17,1.59744e+17,79872000000000000
Aleph Alpha alpha ONE,Aleph Alpha,Germany,0.43610112,2022-06-01,11555086.402944576,,,11555086.402944576,NVIDIA A100,512.0,,,512.0,366300366300.36633,3.19488e+17,3.19488e+17,1.59744e+17,79872000000000000
Paper on StarCoder,,,0.4249190399999999,2023-05-09,11457697.202668522,,,11457697.202668522,NVIDIA A100,512.0,,,512.0,375939849624.0602,3.19488e+17,3.19488e+17,1.59744e+17,79872000000000000
Paper on Florence,Microsoft,,0.4398284799999999,2021-11-22,13791613.29365214,,,13791613.29365214,NVIDIA A100 SXM4 40 GB,512.0,,,512.0,363196125907.9904,3.19488e+17,3.19488e+17,1.59744e+17,79872000000000000
Paper on Stable LM,Stability AI,,0.4249190399999999,2023-01-18,11279538.291043062,,,11279538.291043062,NVIDIA A100 SXM4 40 GB,512.0,,,512.0,375939849624.0602,3.19488e+17,3.19488e+17,1.59744e+17,79872000000000000
PLaMO-13B training cluster,Preferred Networks Inc,Japan,0.3983616,2023-09-25,9488606.471764278,,,9488606.471764278,NVIDIA A100,480.0,,,480.0,375939849624.0602,2.9952e+17,2.9952e+17,1.4976e+17,74880000000000000
NSC Berzelius Phase 1,Linköping University,Sweden,0.4123391999999999,2021-03-23,12957271.614109471,,,12957271.614109471,NVIDIA A100 SXM4 40 GB,480.0,,,480.0,363196125907.9904,2.9952e+17,2.9952e+17,1.4976e+17,74880000000000000
Pawsey Supercomputing Centre Setonix,Pawsey Supercomputing Centre,Australia,0.8323,2022-07-01,19752614.09774033,,,19752614.09774033,AMD Radeon Instinct MI250X,768.0,,,768.0,353411029676.79926,2.94144e+17,2.94144e+17,2.94144e+17,73497600000000000
Paper on GLaM,Google,United States of America,0.747708416,2021-12-13,9518052.054392464,,,9518052.054392464,Google TPU v4,1024.0,,,1024.0,376617400545.61584,2.816e+17,2.816e+17,2.816e+17,
Paper on ViT-22B,Google,United States of America,0.722362368,2023-02-10,9341262.43111022,,,9341262.43111022,Google TPU v4,1024.0,,,1024.0,389832046178.7954,2.816e+17,2.816e+17,2.816e+17,
Paper on PaLI,Google,United States of America,0.741371904,2022-09-14,9418434.468592497,,,9418434.468592497,Google TPU v4,1024.0,,,1024.0,379836352687.0314,2.816e+17,2.816e+17,2.816e+17,
Paper on Minerva,Google,United States of America,0.741371904,2022-06-29,9401336.14435898,,,9401336.14435898,Google TPU v4,1024.0,,,1024.0,379836352687.0314,2.816e+17,2.816e+17,2.816e+17,
University of Edinburgh DiRAC Tursa,Distributed Research using Advanced Computing (DiRAC),United Kingdom of Great Britain and Northern Ireland,0.4296,2021-11-01,15295349.487809315,,,15295349.487809315,NVIDIA A100,448.0,,,448.0,325363128491.6201,2.79552e+17,2.79552e+17,1.39776e+17,69888000000000000
MosaicML MPT training cluster,MosaicML,,0.3651648,2023-03-05,9850806.272650853,,,9850806.272650853,NVIDIA A100,440.0,,,440.0,375939849624.0602,2.7456e+17,2.7456e+17,1.3728e+17,68640000000000000
Petrobras Dragão,Petrobras,Brazil,1.661,2021-06-01,41189375.6188358,,,41189375.6188358,NVIDIA V100,2176.0,,,2176.0,163756773028.2962,2.72e+17,,2.72e+17,34097920000000000
Paper on BLOOM,,,0.3543321599999999,2022-11-09,9399852.699016146,,,9399852.699016146,NVIDIA A100,416.0,,,416.0,366300366300.36633,2.59584e+17,2.59584e+17,1.29792e+17,64896000000000000
Jean Zay Supercomputer Phase 3,GENCI,France,2.07659088,2022-06-01,64360101.46104754,,,64360101.46104754,NVIDIA A100,416.0,NVIDIA Tesla V100 SXM2,2696.0,3112.0,224787657740.2671,2.59584e+17,2.59584e+17,4.66792e+17,107142320000000000
AWS Fast BERT Training,Amazon,United States of America,1.36421376,2019-12-03,39839471.712,,,39839471.712,NVIDIA V100,2048.0,,,2048.0,187653876178.4664,2.56e+17,,2.56e+17,32092160000000000
Taiwania 2,National Applied Research Laboratories Taiwan,Taiwan,1.4999,2018-11-01,43816148.90661022,13882937.0,15302391.306770071,15302391.306770071,NVIDIA Tesla V100 SXM2,2016.0,,,2016.0,168011200746.71646,2.52e+17,,2.52e+17,31590720000000000
Paper on ViT,Google,,1.97922816,2021-06-08,19445351.83247404,,,19445351.83247404,Google TPU v3,2048.0,,,2048.0,127273856087.41542,2.51904e+17,,2.51904e+17,
NVIDIA In-house DGX A100 Cluster,NVIDIA,United States of America,0.34944,2020-05-14,11082112.842592591,,,11082112.842592591,NVIDIA A100,400.0,,,400.0,357142857142.8571,2.496e+17,2.496e+17,1.248e+17,62400000000000000
Paper on Code Llama,Meta AI,,0.331968,2023-08-24,8915080.852008082,,,8915080.852008082,NVIDIA A100,400.0,,,400.0,375939849624.0602,2.496e+17,2.496e+17,1.248e+17,62400000000000000
AGH Cyfronet Athena,AGH University of Krakow,Poland,0.3270758399999999,2022-06-01,10212759.00044682,4034620.0,4172106.173507383,4172106.173507383,NVIDIA A100 SXM4 40 GB,384.0,,,384.0,366300366300.36633,2.39616e+17,2.39616e+17,1.19808e+17,59904000000000000
Indiana University Bloomington Jetstream2,Indiana University Bloomington,United States of America,0.3066335999999999,2022-02-20,9769389.418554684,10000000.0,10551295.264380664,10551295.264380664,NVIDIA A100 SXM4 40 GB,360.0,,,360.0,366300366300.36633,2.2464e+17,2.2464e+17,1.1232e+17,56160000000000000
University of Tokyo Wisteria/BDEC-01 (Aquarius),University of Tokyo,Japan,0.3239,2021-06-01,9717953.710582102,,,9717953.710582102,NVIDIA A100,360.0,,,360.0,346773695585.0571,2.2464e+17,2.2464e+17,1.1232e+17,56160000000000000
NSCC ASPIRE 2A Phase 2,National Supercomputing Center Singapore,Singapore,0.2998195199999999,2022-11-01,7953721.514552124,,,7953721.514552124,NVIDIA A100,352.0,,,352.0,366300366300.36633,2.19648e+17,2.19648e+17,1.09824e+17,54912000000000000
Osaka University SQUID,Osaka University,Japan,0.28863744,2021-05-01,10581771.8181894,,,10581771.8181894,NVIDIA A100 SXM4 80 GB,336.0,,,336.0,363196125907.9903,2.09664e+17,2.09664e+17,1.04832e+17,52416000000000000
PARAM Siddhi-AI Phase 1,Center for Development of Advanced Computing (C-DAC),India,0.2935296,2020-11-01,9109662.948942408,,,9109662.948942408,NVIDIA A100,336.0,,,336.0,357142857142.8572,2.09664e+17,2.09664e+17,1.04832e+17,52416000000000000
Recursion BioHive-1,Recursion Pharmaceuticals,United States of America,0.2748928,2021-04-15,8638181.076072978,,,8638181.076072978,NVIDIA A100,320.0,,,320.0,363196125907.9904,1.9968e+17,1.9968e+17,9.984e+16,49920000000000000
University of Cambridge Wilkes-3,University of Cambridge,United Kingdom of Great Britain and Northern Ireland,0.2581,2021-06-01,8638181.076072978,,,8638181.076072978,NVIDIA A100,320.0,,,320.0,386826811313.4444,1.9968e+17,1.9968e+17,9.984e+16,49920000000000000
Leonardo SpA davinci-1,Leonardo SpA,Italy,0.279552,2020-11-01,8675869.475183245,,,8675869.475183245,NVIDIA A100,320.0,,,320.0,357142857142.8571,1.9968e+17,1.9968e+17,9.984e+16,49920000000000000
Princeton Della Phase 1,Princeton University,United States of America,0.26225472,2023-02-01,7088936.198253197,,,7088936.198253197,NVIDIA A100,316.0,,,316.0,375939849624.0602,1.97184e+17,1.97184e+17,9.8592e+16,49296000000000000
NVIDIA DGX SuperPOD 2019,NVIDIA,,0.8526336,2019-06-17,47352411.127468064,,,47352411.127468064,NVIDIA Tesla V100 DGXS 32 GB,1536.0,,,1536.0,225184651414.1596,1.92e+17,,1.92e+17,24069120000000000
RPI AiMOS,Rensselaer Polytechnic Institute,United States of America,0.9288,2019-12-11,29412734.974875,,,29412734.974875,NVIDIA V100,1512.0,,,1512.0,203488372093.02325,1.89e+17,,1.89e+17,23693040000000000
Google TensorFlow Research Cloud,Google,United States of America,2.692644864,2017-05-17,38946125.27231902,,,38946125.27231902,Google TPU v2,4096.0,,,4096.0,69974322466.01682,1.88416e+17,,1.88416e+17,12288000000000000
SURF Snellius Phase 1,SURF,Netherlands,0.24740352,2021-09-16,9849628.041067226,,,9849628.041067226,NVIDIA A100,288.0,,,288.0,363196125907.9904,1.79712e+17,1.79712e+17,8.9856e+16,44928000000000000
NVIDIA SATURN V Phase 3,NVIDIA,United States of America,3.704064,2020-05-14,109200578.25648148,,,109200578.25648148,NVIDIA A100,280.0,NVIDIA V100,5280.0,5560.0,201767572050.5909,1.7472e+17,1.7472e+17,7.4736e+17,126417600000000000
U.S. Army Jean,US Department of Defense,United States of America,0.2405311999999999,2021-05-30,7558408.441563858,,,7558408.441563858,NVIDIA A100,280.0,,,280.0,363196125907.9904,1.7472e+17,1.7472e+17,8.736e+16,43680000000000000
TU Dresden AlphaCentauri,Technische Universität Dresden,Germany,0.2882,2021-02-28,7336080.256749999,,,7336080.256749999,NVIDIA A100 SXM4 40 GB,272.0,,,272.0,294462179042.3317,1.69728e+17,1.69728e+17,8.4864e+16,42432000000000000
University of Minnesota Agate,University of Minnesota,United States of America,0.22678656,2021-11-01,7109513.148699459,,,7109513.148699459,NVIDIA A100 SXM4 40 GB,264.0,,,264.0,363196125907.9903,1.64736e+17,1.64736e+17,8.2368e+16,41184000000000000
G42 Artemis,G42,United Arab Emirates,1.2255,2019-11-01,25278626.298907787,,,25278626.298907787,NVIDIA V100,1296.0,,,1296.0,132190942472.46022,1.62e+17,,1.62e+17,20308320000000000
JAMSTEC ZettaScaler-2.2 Gyoukou,Japan Agency for Marine-Earth Science and Technology,Japan,2.5996,2017-11-15,,,,,PEZY-SC2,10000.0,,,10000.0,61701800276.96569,1.604e+17,,1.604e+17,81920000000000000
Paper on SAM,Meta AI,,0.2124595199999999,2023-04-05,5733325.556903318,,,5733325.556903318,NVIDIA A100,256.0,,,256.0,375939849624.0602,1.59744e+17,1.59744e+17,7.9872e+16,39936000000000000
Indiana University Big Red 200,Indiana University Bloomington,United States of America,0.2199142399999999,2021-11-30,8742397.146255614,9600000.0,10054424.080592304,10054424.080592304,NVIDIA A100,256.0,,,256.0,363196125907.9904,1.59744e+17,1.59744e+17,7.9872e+16,39936000000000000
NSCC ASPIRE 2A Phase 1,National Supercomputing Center Singapore,Singapore,0.21805056,2022-06-01,5777543.201472288,,,5777543.201472288,NVIDIA A100,256.0,,,256.0,366300366300.36633,1.59744e+17,1.59744e+17,7.9872e+16,39936000000000000
Paper on EVA,,,0.21805056,2022-11-14,5784524.73785609,,,5784524.73785609,NVIDIA A100,256.0,,,256.0,366300366300.36633,1.59744e+17,1.59744e+17,7.9872e+16,39936000000000000
Paper on Pythia,EleutherAI,,0.2124595199999999,2023-04-03,5733325.556903318,,,5733325.556903318,NVIDIA A100,256.0,,,256.0,375939849624.0602,1.59744e+17,1.59744e+17,7.9872e+16,39936000000000000
Paper on Polyglot,"EleutherAI,Stability AI",,0.2124595199999999,2023-06-04,5716911.882639924,,,5716911.882639924,NVIDIA A100,256.0,,,256.0,375939849624.0602,1.59744e+17,1.59744e+17,7.9872e+16,39936000000000000
Paper on XGLM,Meta AI,,0.2199142399999999,2021-12-20,8766946.969145302,,,8766946.969145302,NVIDIA A100,256.0,,,256.0,363196125907.9904,1.59744e+17,1.59744e+17,7.9872e+16,39936000000000000
Paper on Stable Diffusion,Stability AI,,0.2199142399999999,2021-12-20,8766946.969145302,,,8766946.969145302,NVIDIA A100,256.0,,,256.0,363196125907.9904,1.59744e+17,1.59744e+17,7.9872e+16,39936000000000000
Universitaet Frankfurt Goethe-NHR,Goethe University Frankfurt,Germany,0.3322,2023-06-01,,,,,AMD Instinct MI210,880.0,,,880.0,479470198675.4967,1.5928e+17,,1.5928e+17,
TACC Lonestar6,University of Texas at Austin,United States of America,0.1609826399999999,2022-11-14,5591851.571063727,,,5591851.571063727,NVIDIA A100 PCIe,252.0,,,252.0,488400488400.48846,1.57248e+17,1.57248e+17,7.8624e+16,39312000000000000
Microsoft Azure Immunity Bio,Microsoft,United States of America,0.819,2020-04-01,23994725.87279736,,,23994725.87279736,NVIDIA V100,1250.0,,,1250.0,190781440781.4408,1.5625e+17,,1.5625e+17,19587500000000000
Eni HPC4 Phase 2,Eni,Italy,1.98653,2021-10-30,60465865.25663597,,,60465865.25663597,NVIDIA A100,250.0,NVIDIA V100,2750.0,3000.0,212304873321.82248,1.56e+17,1.56e+17,4.2175e+17,82092500000000000
SberCloud Christofari,SberCloud,Russia,0.799344,2019-11-09,23406135.46195165,,,23406135.46195165,NVIDIA V100,1200.0,,,1200.0,187653876178.4664,1.5e+17,,1.5e+17,18804000000000000
EuroHPC Vega,"EuroHPC JU,Institute of Information Science (IZUM)",Slovenia,0.1546272,2021-04-01,6478635.807054736,20170612.0,21170555.63225022,21170555.63225022,NVIDIA A100 PCIe,240.0,,,240.0,484261501210.6538,1.4976e+17,1.4976e+17,7.488e+16,37440000000000000
Petrobras Atlas,Petrobras,Brazil,0.9789,2020-06-01,20775184.635092027,,,20775184.635092027,NVIDIA V100,1088.0,,,1088.0,138931453672.48953,1.36e+17,,1.36e+17,17048960000000000
Japan Atomic Energy Agency and Quantum and Radiological Science and Technology HPE SGI8600,Japan Atomic Energy Agency,Japan,0.7128576,2020-11-01,22615099.765310995,,,22615099.765310995,NVIDIA Tesla V100 SXM2,1088.0,,,1088.0,190781440781.4408,1.36e+17,,1.36e+17,17048960000000000
Jean Zay Supercomputer Phase 1,GENCI,France,0.69542928,2019-06-01,22443812.56149425,27916750.0,30548105.98278985,30548105.98278985,NVIDIA Tesla V100 SXM2 32 GB,1044.0,,,1044.0,187653876178.4664,1.305e+17,,1.305e+17,16359480000000000
Preferred Networks MN-2,Preferred Networks Inc,Japan,0.68210688,2019-07-30,20153662.293333333,,,20153662.293333333,NVIDIA V100,1024.0,,,1024.0,187653876178.4664,1.28e+17,,1.28e+17,16046080000000000
Paper on DALL-E,OpenAI,,0.65974272,2021-02-24,19366409.86,,,19366409.86,NVIDIA V100,1024.0,,,1024.0,194015024523.4991,1.28e+17,,1.28e+17,16046080000000000
Paper on RoBERTa,Meta AI,United States of America,0.5684224,2019-07-26,31539757.12555236,,,31539757.12555236,NVIDIA Tesla V100 DGXS 32 GB,1024.0,,,1024.0,225184651414.1596,1.28e+17,,1.28e+17,16046080000000000
Paper on Meena,Google,,1.0063872,2020-01-27,9859735.664835958,,,9859735.664835958,Google TPU v3,1024.0,,,1024.0,125152625152.62514,1.25952e+17,,1.25952e+17,
Paper on LaMDA,Google,,0.98122752,2022-01-20,9719635.89111035,,,9719635.89111035,Google TPU v3,1024.0,,,1024.0,128361666823.20528,1.25952e+17,,1.25952e+17,
Paper on GShard,Google,,1.0063872,2020-10-30,9765095.968227586,,,9765095.968227586,Google TPU v3,1024.0,,,1024.0,125152625152.62514,1.25952e+17,,1.25952e+17,
Paper on Noisy Student,Google,,1.02316032,2019-11-11,10018621.288799291,,,10018621.288799291,Google TPU v3,1024.0,,,1024.0,123100942773.07391,1.25952e+17,,1.25952e+17,
Paper on Pseudo Labels,Google,,1.0063872,2020-03-23,9859735.664835958,,,9859735.664835958,Google TPU v3,1024.0,,,1024.0,125152625152.62514,1.25952e+17,,1.25952e+17,
Google TPUv3 POD Generic,Google,,1.02316032,2019-05-07,10154990.907067887,,,10154990.907067887,Google TPU v3,1024.0,,,1024.0,123100942773.07391,1.25952e+17,,1.25952e+17,
Paper on Switch transformer,Google,,0.98961408,2021-01-11,9756582.37104517,,,9756582.37104517,Google TPU v3,1024.0,,,1024.0,127273856087.41542,1.25952e+17,,1.25952e+17,
Texas A&M Grace,Texas A&M,United States of America,0.171808,2021-11-01,6828281.021343445,,,6828281.021343445,NVIDIA A100,200.0,,,200.0,363196125907.9903,1.248e+17,1.248e+17,6.24e+16,31200000000000000
SiDi IARA,SiDi,Brazil,0.171808,2021-06-01,5398863.172545613,,,5398863.172545613,NVIDIA A100,200.0,,,200.0,363196125907.9903,1.248e+17,1.248e+17,6.24e+16,31200000000000000
Argonne NL Sophia (Formerly Theta),US Department of Energy,United States of America,0.1677311999999999,2020-05-30,5286779.721717792,,,5286779.721717792,NVIDIA A100,192.0,,,192.0,357142857142.8572,1.19808e+17,1.19808e+17,5.9904e+16,29952000000000000
Atos Spartan2,,France,0.1894,2020-11-01,5205521.685109948,,,5205521.685109948,NVIDIA A100,192.0,,,192.0,316282998944.0338,1.19808e+17,1.19808e+17,5.9904e+16,29952000000000000
Commissariat a l'Energie Atomique Topaze,French Alternative Energies and Atomic Energy Commission (CEA),France,0.16493568,2021-06-23,5170689.466366189,,,5170689.466366189,NVIDIA A100,192.0,,,192.0,363196125907.9904,1.19808e+17,1.19808e+17,5.9904e+16,29952000000000000
Dell Rattler,Dell Technologies,United States of America,0.16493568,2021-11-01,6555149.780489707,,,6555149.780489707,NVIDIA A100,192.0,,,192.0,363196125907.9904,1.19808e+17,1.19808e+17,5.9904e+16,29952000000000000
High-Performance Computing Center Stuttgart Hawk,University of Stuttgart,Germany,0.16493568,2021-09-20,6554808.902020263,,,6554808.902020263,NVIDIA A100,192.0,,,192.0,363196125907.9904,1.19808e+17,1.19808e+17,5.9904e+16,29952000000000000
MIT LLSC TX-GAIA,US Department of Defense,United States of America,2.5719,2019-09-26,17476581.144923903,,,17476581.144923903,NVIDIA V100,896.0,,,896.0,43547571834.05264,1.12e+17,,1.12e+17,14040320000000000
Nagoya University Flow Type II (Furo),Nagoya University,Japan,0.5791968,2020-07-30,18406892.280572724,,,18406892.280572724,NVIDIA Tesla V100 SXM2,884.0,,,884.0,190781440781.4408,1.105e+17,,1.105e+17,13852280000000000
CSCS Piz Daint Phase 2,ETH Domain,Switzerland,4.3744,2017-06-01,121339528.5894564,,,121339528.5894564,NVIDIA Tesla P100 PCIe 16GB,5704.0,,,5704.0,24840252377.46891,1.086612e+17,,1.086612e+17,54336304000000000
Japanese Research Institute 1 Supercomputer 1,,Japan,0.55421184,2019-06-01,17951819.922399994,,,17951819.922399994,NVIDIA Tesla V100 SXM2,832.0,,,832.0,187653876178.4664,1.04e+17,,1.04e+17,13037440000000000
Microsoft Azure ND v2 Largest Stated,Microsoft,United States of America,0.532896,2019-11-18,15562293.6375,,,15562293.6375,NVIDIA V100,800.0,,,800.0,187653876178.4664,1e+17,,1e+17,12536000000000000
MTS Grom,MTS,Russia,0.1374464,2021-06-01,4319090.538036489,,,4319090.538036489,NVIDIA A100,160.0,,,160.0,363196125907.9904,9.984e+16,9.984e+16,4.992e+16,24960000000000000
NVIDIA Tethys,NVIDIA,United States of America,0.1259,2021-11-01,5462624.817074756,,,5462624.817074756,NVIDIA A100,160.0,,,160.0,396505162827.6409,9.984e+16,9.984e+16,4.992e+16,24960000000000000
Vingroup VinAI Research Superpod,Vingroup,Vietnam,0.1374464,2021-05-30,4319090.538036489,,,4319090.538036489,NVIDIA A100,160.0,,,160.0,363196125907.9904,9.984e+16,9.984e+16,4.992e+16,24960000000000000
Simon Fraser University/Compute Canada Cedar,Compute Canada,Canada,0.5552,2020-06-01,14664836.213006135,,,14664836.213006135,NVIDIA V100,768.0,,,768.0,172910662824.2075,9.6e+16,,9.6e+16,12034560000000000
SAKURA Internet 2019 V100 Supercomputer,Sakura Internet,Japan,0.51158016,2019-06-01,16570910.697599998,,,16570910.697599998,NVIDIA Tesla V100 SXM2,768.0,,,768.0,187653876178.4664,9.6e+16,,9.6e+16,12034560000000000
Petrobras Fênix Phase 2,Petrobras,Brazil,0.6981,2020-06-01,13748283.949693251,,,13748283.949693251,NVIDIA V100,720.0,,,720.0,128921357971.6373,9e+16,,9e+16,11282400000000000
Samsung SSC-21 Scalable Module,Samsung,Korea (Republic of),0.1814,2021-11-01,4916362.335367281,,,4916362.335367281,NVIDIA A100,144.0,,,144.0,247673649393.6053,8.9856e+16,8.9856e+16,4.4928e+16,22464000000000000
Calcul Québec Béluga,Compute Canada,Canada,0.437,2019-04-26,13602178.976079855,,,13602178.976079855,NVIDIA V100,688.0,,,688.0,196796338672.7689,8.6e+16,,8.6e+16,10780960000000000
Preferred Networks MN-1b,Preferred Networks Inc,Japan,0.93929472,2018-07-30,10104213.84,,,10104213.84,NVIDIA V100,512.0,NVIDIA P100,1024.0,1536.0,88522588522.58853,8.31488e+16,,8.31488e+16,17546240000000000
NCI Australia Gadi,National Computational Infrastructure Australia,Australia,0.419328,2020-01-23,13431927.613913655,,,13431927.613913655,NVIDIA Tesla V100 SXM2,640.0,,,640.0,190781440781.4408,8e+16,,8e+16,10028800000000000
PLUG training cluster,,,0.1099571199999999,2021-04-19,3455272.430429192,,,3455272.430429192,NVIDIA A100,128.0,,,128.0,363196125907.9904,7.9872e+16,7.9872e+16,3.9936e+16,19968000000000000
RPI Supercomputer 2,Rensselaer Polytechnic Institute,United States of America,0.3983616,2020-06-01,11609662.00196319,,,11609662.00196319,NVIDIA V100,608.0,,,608.0,190781440781.4408,7.6e+16,,7.6e+16,9527360000000000
Oak Ridge NL Titan,US Department of Energy,United States of America,15.8054,2012-10-29,281156203.0683784,,,281156203.0683784,NVIDIA Tesla K20X,18688.0,,,18688.0,,7.353728e+16,,,73537280000000000
Microsoft Research Hypercluster,Microsoft,United States of America,0.38368512,2019-11-01,11234945.021736791,,,11234945.021736791,NVIDIA V100,576.0,,,576.0,187653876178.4664,7.2e+16,,7.2e+16,9025920000000000
Petrobras Fênix Phase 1,Petrobras,Brazil,0.5226,2019-06-01,11367240.57,,,11367240.57,NVIDIA V100,576.0,,,576.0,137772675086.10794,7.2e+16,,7.2e+16,9025920000000000
NVIDIA Circe,NVIDIA,United States of America,0.39626496,2018-11-01,12518899.68760292,,,12518899.68760292,NVIDIA Tesla V100 SXM2,576.0,,,576.0,181696610268.0388,7.2e+16,,7.2e+16,9025920000000000
TACC Frontera,University of Texas at Austin,United States of America,0.48227088,2019-08-31,8746120.581935484,,,8746120.581935484,NVIDIA Quadro RTX 5000,360.0,NVIDIA V100,448.0,808.0,132763562253.64468,6.4028e+16,,6.4028e+16,11034160000000000
Paper on SEER,Meta AI,,0.32987136,2021-03-02,9683204.93,,,9683204.93,NVIDIA V100,512.0,,,512.0,194015024523.4991,6.4e+16,,6.4e+16,8023040000000000
Paper on Megatron-LM,NVIDIA,United States of America,0.2842112,2019-09-17,15628697.913154189,,,15628697.913154189,NVIDIA Tesla V100 DGXS 32 GB,512.0,,,512.0,225184651414.1596,6.4e+16,,6.4e+16,8023040000000000
Paper on SEER Training,Meta AI,,0.2748928,2021-03-05,15153867.681417732,,,15153867.681417732,NVIDIA Tesla V100 DGXS 32 GB,512.0,,,512.0,232818029428.1989,6.4e+16,,6.4e+16,8023040000000000
Paper on CogView,Alibaba,,0.32987136,2021-05-26,10557469.735428711,,,10557469.735428711,NVIDIA Tesla V100 SXM2 32 GB,512.0,,,512.0,194015024523.4991,6.4e+16,,6.4e+16,8023040000000000
University of Oxford Jade2,University of Oxford,United Kingdom of Great Britain and Northern Ireland,0.2024,2020-11-01,10476112.39128377,,,10476112.39128377,NVIDIA Tesla V100 SXM2,504.0,,,504.0,311264822134.3873,6.3e+16,,6.3e+16,7897680000000000
Paper on ALIGN,Google,,0.49480704,2021-02-11,4874041.8029568,,,4874041.8029568,Google TPU v3,512.0,,,512.0,127273856087.41542,6.2976e+16,,6.2976e+16,
Paper on T5,Google,,0.51158016,2019-10-23,5009310.644399647,,,5009310.644399647,Google TPU v3,512.0,,,512.0,123100942773.07391,6.2976e+16,,6.2976e+16,
Paper on ALBERT,Google,,0.51158016,2019-09-26,5009310.644399647,,,5009310.644399647,Google TPU v3,512.0,,,512.0,123100942773.07391,6.2976e+16,,6.2976e+16,
Paper on XLM-R,Meta AI,,0.3276,2020-04-08,10455368.654906431,,,10455368.654906431,NVIDIA Tesla V100 SXM2 32 GB,500.0,,,500.0,190781440781.4408,6.25e+16,,6.25e+16,7835000000000000
MIT Supercloud,Massachusetts Institute of Technology (MIT),United States of America,0.3197375999999999,2020-09-21,9277625.66591623,,,9277625.66591623,NVIDIA V100,488.0,,,488.0,190781440781.4408,6.1e+16,,6.1e+16,7646960000000000
Paper on M6-T,Alibaba,,0.3092544,2021-05-31,9897627.876964418,,,9897627.876964418,NVIDIA Tesla V100 SXM2 32 GB,480.0,,,480.0,194015024523.4991,6e+16,,6e+16,7521600000000000
Eni HPC4 Phase 1,Eni,Italy,2.4824,2018-01-18,,,,,NVIDIA P100,3170.0,,,3170.0,23879713180.79278,5.9279e+16,,5.9279e+16,29481000000000000
CSCS Piz Daint Phase 1,ETH Domain,Switzerland,1.811992,2016-11-01,31773581.06237064,,,31773581.06237064,NVIDIA Tesla P100 PCIe 16GB,3040.0,,,3040.0,31960406006.20753,5.7912e+16,,5.7912e+16,28959040000000000
TACC Longhorn,University of Texas at Austin,United States of America,0.29842176,2019-11-01,9553864.359225066,,,9553864.359225066,NVIDIA Tesla V100 SXM2,448.0,,,448.0,187653876178.4664,5.6e+16,,5.6e+16,7020160000000000
Continental DGX Supercomputer,Continental AG,Germany,0.2935296,2020-07-28,8532054.693566432,,,8532054.693566432,NVIDIA V100,448.0,,,448.0,190781440781.4408,5.6e+16,,5.6e+16,7020160000000000
"""Center for Advanced Intelligence Project, RIKEN, RAIDEN""",RIKEN,Japan,0.2008,2018-06-01,8202244.176,,,8202244.176,NVIDIA V100,416.0,,,416.0,258964143426.29483,5.2e+16,,5.2e+16,6518720000000000
Paper on AlphaStar,DeepMind,,0.38368512,2019-10-30,3756982.983299735,,,3756982.983299735,Google TPU v3,384.0,,,384.0,123100942773.07391,4.7232e+16,,4.7232e+16,
Laboratório Nacional de Computação Científica Santos Dumont,Laboratório Nacional de Computação Científica,Brazil,0.24513216,2019-11-01,7847817.15222059,,,7847817.15222059,NVIDIA Tesla V100 SXM2,368.0,,,368.0,187653876178.4664,4.6e+16,,4.6e+16,5766560000000000
GSIC TSUBAME 3.0,Tokyo Institute of Technology,Japan,1.525,2017-11-01,42551301.766364425,,,42551301.766364425,NVIDIA Tesla P100 SXM2,2156.0,,,2156.0,30000209836.06557,4.575032e+16,,4.575032e+16,22875160000000000
RPI AiMOSx NPL Cluster,Rensselaer Polytechnic Institute,United States of America,0.209664,2020-06-01,6110348.42208589,,,6110348.42208589,NVIDIA V100,320.0,,,320.0,190781440781.4408,4e+16,,4e+16,5014400000000000
CSC Puhti,CSC – IT Center for Science,Finland,0.2131584,2019-09-03,6247228.987096774,,,6247228.987096774,NVIDIA V100,320.0,,,320.0,187653876178.4664,4e+16,,4e+16,5014400000000000
University of Tsukuba Cygnus,University of Tsukuba,Japan,0.2131584,2019-04-30,6326594.872595281,,,6326594.872595281,NVIDIA V100,320.0,,,320.0,187653876178.4664,4e+16,,4e+16,5014400000000000
Immunity Bio Cluster,ImmunityBio,United States of America,0.209664,2020-04-01,6142649.823436123,,,6142649.823436123,NVIDIA V100,320.0,,,320.0,190781440781.4408,4e+16,,4e+16,5014400000000000
SENAI CIMATEC Ogbon Cimatec/Petrobras,SENAI CIMATEC,Brazil,0.20782944,2019-11-01,6653584.107317457,,,6653584.107317457,NVIDIA Tesla V100 SXM2,312.0,,,312.0,187653876178.4664,3.9e+16,,3.9e+16,4889040000000000
IBM DYEUS,IBM,United States of America,0.19717152,2019-11-18,5758048.645875,,,5758048.645875,NVIDIA V100,296.0,,,296.0,187653876178.4664,3.7e+16,,3.7e+16,4638320000000000
NVIDIA SATURN V Volta,NVIDIA,United States of America,0.18594576,2017-11-01,5219440.7698911065,,,5219440.7698911065,NVIDIA V100,264.0,,,264.0,177471107703.66583,3.3e+16,,3.3e+16,4136880000000000
JAMSTEC ZettaScaler-2.0 Gyoukou,Japan Agency for Marine-Earth Science and Technology,Japan,0.3158,2017-06-15,,,,,PEZY-SC2,1600.0,,,1600.0,81266624445.8518,2.5664e+16,,2.5664e+16,13107200000000000
US Government Supercomputer 2,United States Government,United States of America,2.8859,2015-06-01,,,,,NVIDIA Tesla K40c,4160.0,,,4160.0,,2.099136e+16,,,20991360000000000
US Government Supercomputer 1,United States Government,United States of America,2.8859,2014-11-01,,,,,NVIDIA Tesla K40c,4160.0,,,4160.0,,2.099136e+16,,,20991360000000000
NVIDIA SATURN V Phase 1,NVIDIA,United States of America,0.5912816,2016-11-01,122587888.5,,,122587888.5,NVIDIA P100,992.0,,,992.0,31373206945.726032,1.85504e+16,,1.85504e+16,9225600000000000
Meta 2017 P100 Cluster,Meta AI,United States of America,0.6729,2017-06-01,,,,,NVIDIA P100,992.0,,,992.0,27567840689.55268,1.85504e+16,,1.85504e+16,9225600000000000
GSIC TSUBAME 2.5,Tokyo Institute of Technology,Japan,2.6928,2014-06-01,63072982.29523804,,,63072982.29523804,NVIDIA Tesla K20X,4224.0,,,4224.0,,1.662144e+16,,,16621440000000000
Energy Company DD,,United States of America,1.23596928,2016-06-15,16418883.993952291,,,16418883.993952291,NVIDIA Tesla K80,1728.0,,,1728.0,,1.4041728e+16,,,14041728000000000
Eni HPC2,Eni,Italy,1.41141,2014-11-15,44712421.072718136,,,44712421.072718136,NVIDIA Tesla K20X,3000.0,,,3000.0,,1.1805e+16,,,11805000000000000
P3.16xlarge,,,0.04402944,2018-03-27,,,,,NVIDIA V100,64.0,,,64.0,181696610268.0388,8000000000000000.0,,8000000000000000.0,1002880000000000
Moscow State University Lomonosov 2,Moscow State Univeristy,Russia,0.8598378880000002,2016-06-15,,,,,NVIDIA Tesla K40m,1472.0,,,1472.0,,7427712000000000.0,,,7427712000000000
Paper on Minibatch SGD,Meta AI,United States of America,0.1502592,2017-06-08,,,,,NVIDIA P100,256.0,,,256.0,31859613254.96209,4787200000000000.0,,4787200000000000.0,2380800000000000
